STARTFONT 2.1
FONT -xos4-Terminusa-Medium-R-Normal--16-160-72-72-C-80-ISO10646-1
SIZE 16 72 72
FONTBOUNDINGBOX 8 16 0 -4
STARTPROPERTIES 19
FOUNDRY "xos4"
FAMILY_NAME "Terminusa"
WEIGHT_NAME "Medium"
SLANT "R"
SETWIDTH_NAME "Normal"
ADD_STYLE_NAME ""
PIXEL_SIZE 16
POINT_SIZE 160
RESOLUTION_X 72
RESOLUTION_Y 72
SPACING "C"
AVERAGE_WIDTH 80
CHARSET_REGISTRY "ISO10646"
CHARSET_ENCODING "1"
MIN_SPACE 0
FONT_ASCENT 12
FONT_DESCENT 4
DEFAULT_CHAR 65533
COPYRIGHT "(C) 2006 Dimitar Toshkov Zhekov; (C) 2022 Adam Tla/lka; Licensed under GPL v2.0 or later, with font embedding exception"
ENDPROPERTIES
CHARS 1108
STARTCHAR char0
ENCODING 0
SWIDTH 500 0
DWIDTH 8 0
BBX 8 16 0 -4
BITMAP
00
00
66
42
00
00
42
42
00
00
42
66
00
00
00
00
ENDCHAR
STARTCHAR space
ENCODING 32
SWIDTH 500 0
DWIDTH 8 0
BBX 8 16 0 -4
BITMAP
00
00
00
00
00
00
00
00
00
00
00
00
00
00
00
00
ENDCHAR
STARTCHAR exclam
ENCODING 33
SWIDTH 500 0
DWIDTH 8 0
BBX 8 16 0 -4
BITMAP
00
00
10
10
10
10
10
10
10
00
10
10
00
00
00
00
ENDCHAR
STARTCHAR quotedbl
ENCODING 34
SWIDTH 500 0
DWIDTH 8 0
BBX 8 16 0 -4
BITMAP
00
24
24
24
00
00
00
00
00
00
00
00
00
00
00
00
ENDCHAR
STARTCHAR numbersign
ENCODING 35
SWIDTH 500 0
DWIDTH 8 0
BBX 8 16 0 -4
BITMAP
00
00
24
24
24
7E
24
24
7E
24
24
24
00
00
00
00
ENDCHAR
STARTCHAR dollar
ENCODING 36
SWIDTH 500 0
DWIDTH 8 0
BBX 8 16 0 -4
BITMAP
00
00
10
38
54
50
38
14
12
12
54
38
10
00
00
00
ENDCHAR
STARTCHAR percent
ENCODING 37
SWIDTH 500 0
DWIDTH 8 0
BBX 8 16 0 -4
BITMAP
00
00
20
50
52
24
08
10
24
4A
0A
04
00
00
00
00
ENDCHAR
STARTCHAR ampersand
ENCODING 38
SWIDTH 500 0
DWIDTH 8 0
BBX 8 16 0 -4
BITMAP
00
00
18
24
24
18
30
4A
44
44
44
3A
00
00
00
00
ENDCHAR
STARTCHAR quotesingle
ENCODING 39
SWIDTH 500 0
DWIDTH 8 0
BBX 8 16 0 -4
BITMAP
00
10
10
10
00
00
00
00
00
00
00
00
00
00
00
00
ENDCHAR
STARTCHAR parenleft
ENCODING 40
SWIDTH 500 0
DWIDTH 8 0
BBX 8 16 0 -4
BITMAP
00
04
08
10
20
20
20
20
20
20
10
08
04
00
00
00
ENDCHAR
STARTCHAR parenright
ENCODING 41
SWIDTH 500 0
DWIDTH 8 0
BBX 8 16 0 -4
BITMAP
00
20
10
08
04
04
04
04
04
04
08
10
20
00
00
00
ENDCHAR
STARTCHAR asterisk
ENCODING 42
SWIDTH 500 0
DWIDTH 8 0
BBX 8 16 0 -4
BITMAP
00
00
00
00
00
24
18
7E
18
24
00
00
00
00
00
00
ENDCHAR
STARTCHAR plus
ENCODING 43
SWIDTH 500 0
DWIDTH 8 0
BBX 8 16 0 -4
BITMAP
00
00
00
00
00
10
10
7C
10
10
00
00
00
00
00
00
ENDCHAR
STARTCHAR comma
ENCODING 44
SWIDTH 500 0
DWIDTH 8 0
BBX 8 16 0 -4
BITMAP
00
00
00
00
00
00
00
00
00
00
10
10
10
20
00
00
ENDCHAR
STARTCHAR hyphen
ENCODING 45
SWIDTH 500 0
DWIDTH 8 0
BBX 8 16 0 -4
BITMAP
00
00
00
00
00
00
00
7E
00
00
00
00
00
00
00
00
ENDCHAR
STARTCHAR period
ENCODING 46
SWIDTH 500 0
DWIDTH 8 0
BBX 8 16 0 -4
BITMAP
00
00
00
00
00
00
00
00
00
00
10
10
00
00
00
00
ENDCHAR
STARTCHAR slash
ENCODING 47
SWIDTH 500 0
DWIDTH 8 0
BBX 8 16 0 -4
BITMAP
00
00
04
04
08
08
10
10
20
20
40
40
00
00
00
00
ENDCHAR
STARTCHAR zero
ENCODING 48
SWIDTH 500 0
DWIDTH 8 0
BBX 8 16 0 -4
BITMAP
00
00
18
24
42
46
4A
52
62
42
24
18
00
00
00
00
ENDCHAR
STARTCHAR one
ENCODING 49
SWIDTH 500 0
DWIDTH 8 0
BBX 8 16 0 -4
BITMAP
00
00
08
18
28
48
08
08
08
08
08
08
00
00
00
00
ENDCHAR
STARTCHAR two
ENCODING 50
SWIDTH 500 0
DWIDTH 8 0
BBX 8 16 0 -4
BITMAP
00
00
3C
42
42
02
04
08
10
20
40
7E
00
00
00
00
ENDCHAR
STARTCHAR three
ENCODING 51
SWIDTH 500 0
DWIDTH 8 0
BBX 8 16 0 -4
BITMAP
00
00
3C
42
42
02
1C
02
02
42
42
3C
00
00
00
00
ENDCHAR
STARTCHAR four
ENCODING 52
SWIDTH 500 0
DWIDTH 8 0
BBX 8 16 0 -4
BITMAP
00
00
04
0C
14
24
44
7E
04
04
04
04
00
00
00
00
ENDCHAR
STARTCHAR five
ENCODING 53
SWIDTH 500 0
DWIDTH 8 0
BBX 8 16 0 -4
BITMAP
00
00
7E
40
40
40
7C
02
02
02
42
3C
00
00
00
00
ENDCHAR
STARTCHAR six
ENCODING 54
SWIDTH 500 0
DWIDTH 8 0
BBX 8 16 0 -4
BITMAP
00
00
3C
42
40
40
7C
42
42
42
42
3C
00
00
00
00
ENDCHAR
STARTCHAR seven
ENCODING 55
SWIDTH 500 0
DWIDTH 8 0
BBX 8 16 0 -4
BITMAP
00
00
7E
02
02
04
04
08
08
10
10
10
00
00
00
00
ENDCHAR
STARTCHAR eight
ENCODING 56
SWIDTH 500 0
DWIDTH 8 0
BBX 8 16 0 -4
BITMAP
00
00
3C
42
42
42
3C
42
42
42
42
3C
00
00
00
00
ENDCHAR
STARTCHAR nine
ENCODING 57
SWIDTH 500 0
DWIDTH 8 0
BBX 8 16 0 -4
BITMAP
00
00
3C
42
42
42
42
3E
02
04
08
30
00
00
00
00
ENDCHAR
STARTCHAR colon
ENCODING 58
SWIDTH 500 0
DWIDTH 8 0
BBX 8 16 0 -4
BITMAP
00
00
00
00
00
10
10
00
00
00
10
10
00
00
00
00
ENDCHAR
STARTCHAR semicolon
ENCODING 59
SWIDTH 500 0
DWIDTH 8 0
BBX 8 16 0 -4
BITMAP
00
00
00
00
00
10
10
00
00
00
10
10
10
20
00
00
ENDCHAR
STARTCHAR less
ENCODING 60
SWIDTH 500 0
DWIDTH 8 0
BBX 8 16 0 -4
BITMAP
00
00
00
04
08
10
20
40
20
10
08
04
00
00
00
00
ENDCHAR
STARTCHAR equal
ENCODING 61
SWIDTH 500 0
DWIDTH 8 0
BBX 8 16 0 -4
BITMAP
00
00
00
00
00
00
7E
00
00
7E
00
00
00
00
00
00
ENDCHAR
STARTCHAR greater
ENCODING 62
SWIDTH 500 0
DWIDTH 8 0
BBX 8 16 0 -4
BITMAP
00
00
00
40
20
10
08
04
08
10
20
40
00
00
00
00
ENDCHAR
STARTCHAR question
ENCODING 63
SWIDTH 500 0
DWIDTH 8 0
BBX 8 16 0 -4
BITMAP
00
00
3C
42
42
42
04
08
08
00
08
08
00
00
00
00
ENDCHAR
STARTCHAR at
ENCODING 64
SWIDTH 500 0
DWIDTH 8 0
BBX 8 16 0 -4
BITMAP
00
00
1C
22
42
4E
52
52
52
52
4E
20
1E
00
00
00
ENDCHAR
STARTCHAR A
ENCODING 65
SWIDTH 500 0
DWIDTH 8 0
BBX 8 16 0 -4
BITMAP
00
00
3C
42
42
42
42
7E
42
42
42
42
00
00
00
00
ENDCHAR
STARTCHAR B
ENCODING 66
SWIDTH 500 0
DWIDTH 8 0
BBX 8 16 0 -4
BITMAP
00
00
78
44
44
44
7C
42
42
42
42
7C
00
00
00
00
ENDCHAR
STARTCHAR C
ENCODING 67
SWIDTH 500 0
DWIDTH 8 0
BBX 8 16 0 -4
BITMAP
00
00
3C
42
42
40
40
40
40
42
42
3C
00
00
00
00
ENDCHAR
STARTCHAR D
ENCODING 68
SWIDTH 500 0
DWIDTH 8 0
BBX 8 16 0 -4
BITMAP
00
00
78
44
42
42
42
42
42
42
44
78
00
00
00
00
ENDCHAR
STARTCHAR E
ENCODING 69
SWIDTH 500 0
DWIDTH 8 0
BBX 8 16 0 -4
BITMAP
00
00
7E
40
40
40
78
40
40
40
40
7E
00
00
00
00
ENDCHAR
STARTCHAR F
ENCODING 70
SWIDTH 500 0
DWIDTH 8 0
BBX 8 16 0 -4
BITMAP
00
00
7E
40
40
40
7C
40
40
40
40
40
00
00
00
00
ENDCHAR
STARTCHAR G
ENCODING 71
SWIDTH 500 0
DWIDTH 8 0
BBX 8 16 0 -4
BITMAP
00
00
3C
42
42
40
40
4E
42
42
42
3C
00
00
00
00
ENDCHAR
STARTCHAR H
ENCODING 72
SWIDTH 500 0
DWIDTH 8 0
BBX 8 16 0 -4
BITMAP
00
00
42
42
42
42
7E
42
42
42
42
42
00
00
00
00
ENDCHAR
STARTCHAR I
ENCODING 73
SWIDTH 500 0
DWIDTH 8 0
BBX 8 16 0 -4
BITMAP
00
00
7E
10
10
10
10
10
10
10
10
7E
00
00
00
00
ENDCHAR
STARTCHAR J
ENCODING 74
SWIDTH 500 0
DWIDTH 8 0
BBX 8 16 0 -4
BITMAP
00
00
3E
02
02
02
02
02
02
02
04
78
00
00
00
00
ENDCHAR
STARTCHAR K
ENCODING 75
SWIDTH 500 0
DWIDTH 8 0
BBX 8 16 0 -4
BITMAP
00
00
42
44
48
50
60
60
50
48
44
42
00
00
00
00
ENDCHAR
STARTCHAR L
ENCODING 76
SWIDTH 500 0
DWIDTH 8 0
BBX 8 16 0 -4
BITMAP
00
00
40
40
40
40
40
40
40
40
40
7E
00
00
00
00
ENDCHAR
STARTCHAR M
ENCODING 77
SWIDTH 500 0
DWIDTH 8 0
BBX 8 16 0 -4
BITMAP
00
00
42
66
5A
42
42
42
42
42
42
42
00
00
00
00
ENDCHAR
STARTCHAR N
ENCODING 78
SWIDTH 500 0
DWIDTH 8 0
BBX 8 16 0 -4
BITMAP
00
00
42
42
42
62
52
4A
46
42
42
42
00
00
00
00
ENDCHAR
STARTCHAR O
ENCODING 79
SWIDTH 500 0
DWIDTH 8 0
BBX 8 16 0 -4
BITMAP
00
00
3C
42
42
42
42
42
42
42
42
3C
00
00
00
00
ENDCHAR
STARTCHAR P
ENCODING 80
SWIDTH 500 0
DWIDTH 8 0
BBX 8 16 0 -4
BITMAP
00
00
7C
42
42
42
42
7C
40
40
40
40
00
00
00
00
ENDCHAR
STARTCHAR Q
ENCODING 81
SWIDTH 500 0
DWIDTH 8 0
BBX 8 16 0 -4
BITMAP
00
00
3C
42
42
42
42
42
42
42
4A
3C
02
00
00
00
ENDCHAR
STARTCHAR R
ENCODING 82
SWIDTH 500 0
DWIDTH 8 0
BBX 8 16 0 -4
BITMAP
00
00
7C
42
42
42
42
7C
50
48
44
42
00
00
00
00
ENDCHAR
STARTCHAR S
ENCODING 83
SWIDTH 500 0
DWIDTH 8 0
BBX 8 16 0 -4
BITMAP
00
00
3C
42
40
40
3C
02
02
42
42
3C
00
00
00
00
ENDCHAR
STARTCHAR T
ENCODING 84
SWIDTH 500 0
DWIDTH 8 0
BBX 8 16 0 -4
BITMAP
00
00
7E
10
10
10
10
10
10
10
10
10
00
00
00
00
ENDCHAR
STARTCHAR U
ENCODING 85
SWIDTH 500 0
DWIDTH 8 0
BBX 8 16 0 -4
BITMAP
00
00
42
42
42
42
42
42
42
42
42
3C
00
00
00
00
ENDCHAR
STARTCHAR V
ENCODING 86
SWIDTH 500 0
DWIDTH 8 0
BBX 8 16 0 -4
BITMAP
00
00
42
42
42
42
42
24
24
24
18
18
00
00
00
00
ENDCHAR
STARTCHAR W
ENCODING 87
SWIDTH 500 0
DWIDTH 8 0
BBX 8 16 0 -4
BITMAP
00
00
42
42
42
42
42
42
42
5A
66
42
00
00
00
00
ENDCHAR
STARTCHAR X
ENCODING 88
SWIDTH 500 0
DWIDTH 8 0
BBX 8 16 0 -4
BITMAP
00
00
42
42
24
24
18
18
24
24
42
42
00
00
00
00
ENDCHAR
STARTCHAR Y
ENCODING 89
SWIDTH 500 0
DWIDTH 8 0
BBX 8 16 0 -4
BITMAP
00
00
44
44
44
28
28
10
10
10
10
10
00
00
00
00
ENDCHAR
STARTCHAR Z
ENCODING 90
SWIDTH 500 0
DWIDTH 8 0
BBX 8 16 0 -4
BITMAP
00
00
7E
02
02
04
08
10
20
40
40
7E
00
00
00
00
ENDCHAR
STARTCHAR bracketleft
ENCODING 91
SWIDTH 500 0
DWIDTH 8 0
BBX 8 16 0 -4
BITMAP
00
38
20
20
20
20
20
20
20
20
20
20
38
00
00
00
ENDCHAR
STARTCHAR backslash
ENCODING 92
SWIDTH 500 0
DWIDTH 8 0
BBX 8 16 0 -4
BITMAP
00
00
40
40
20
20
10
10
08
08
04
04
00
00
00
00
ENDCHAR
STARTCHAR bracketright
ENCODING 93
SWIDTH 500 0
DWIDTH 8 0
BBX 8 16 0 -4
BITMAP
00
38
08
08
08
08
08
08
08
08
08
08
38
00
00
00
ENDCHAR
STARTCHAR asciicircum
ENCODING 94
SWIDTH 500 0
DWIDTH 8 0
BBX 8 16 0 -4
BITMAP
00
10
28
44
00
00
00
00
00
00
00
00
00
00
00
00
ENDCHAR
STARTCHAR underscore
ENCODING 95
SWIDTH 500 0
DWIDTH 8 0
BBX 8 16 0 -4
BITMAP
00
00
00
00
00
00
00
00
00
00
00
00
7E
00
00
00
ENDCHAR
STARTCHAR grave
ENCODING 96
SWIDTH 500 0
DWIDTH 8 0
BBX 8 16 0 -4
BITMAP
00
20
10
08
00
00
00
00
00
00
00
00
00
00
00
00
ENDCHAR
STARTCHAR a
ENCODING 97
SWIDTH 500 0
DWIDTH 8 0
BBX 8 16 0 -4
BITMAP
00
00
00
00
00
3C
02
3E
42
42
42
3E
00
00
00
00
ENDCHAR
STARTCHAR b
ENCODING 98
SWIDTH 500 0
DWIDTH 8 0
BBX 8 16 0 -4
BITMAP
00
00
40
40
40
7C
42
42
42
42
42
7C
00
00
00
00
ENDCHAR
STARTCHAR c
ENCODING 99
SWIDTH 500 0
DWIDTH 8 0
BBX 8 16 0 -4
BITMAP
00
00
00
00
00
3C
42
40
40
40
42
3C
00
00
00
00
ENDCHAR
STARTCHAR d
ENCODING 100
SWIDTH 500 0
DWIDTH 8 0
BBX 8 16 0 -4
BITMAP
00
00
02
02
02
3E
42
42
42
42
42
3E
00
00
00
00
ENDCHAR
STARTCHAR e
ENCODING 101
SWIDTH 500 0
DWIDTH 8 0
BBX 8 16 0 -4
BITMAP
00
00
00
00
00
3C
42
42
7E
40
40
3C
00
00
00
00
ENDCHAR
STARTCHAR f
ENCODING 102
SWIDTH 500 0
DWIDTH 8 0
BBX 8 16 0 -4
BITMAP
00
00
0E
10
10
7E
10
10
10
10
10
10
00
00
00
00
ENDCHAR
STARTCHAR g
ENCODING 103
SWIDTH 500 0
DWIDTH 8 0
BBX 8 16 0 -4
BITMAP
00
00
00
00
00
3E
42
42
42
42
42
3E
02
02
3C
00
ENDCHAR
STARTCHAR h
ENCODING 104
SWIDTH 500 0
DWIDTH 8 0
BBX 8 16 0 -4
BITMAP
00
00
40
40
40
7C
42
42
42
42
42
42
00
00
00
00
ENDCHAR
STARTCHAR i
ENCODING 105
SWIDTH 500 0
DWIDTH 8 0
BBX 8 16 0 -4
BITMAP
00
00
10
10
00
70
10
10
10
10
10
7E
00
00
00
00
ENDCHAR
STARTCHAR j
ENCODING 106
SWIDTH 500 0
DWIDTH 8 0
BBX 8 16 0 -4
BITMAP
00
00
04
04
00
0C
04
04
04
04
04
04
04
08
70
00
ENDCHAR
STARTCHAR k
ENCODING 107
SWIDTH 500 0
DWIDTH 8 0
BBX 8 16 0 -4
BITMAP
00
00
40
40
40
42
44
48
70
48
44
42
00
00
00
00
ENDCHAR
STARTCHAR l
ENCODING 108
SWIDTH 500 0
DWIDTH 8 0
BBX 8 16 0 -4
BITMAP
00
00
70
10
10
10
10
10
10
10
10
0E
00
00
00
00
ENDCHAR
STARTCHAR m
ENCODING 109
SWIDTH 500 0
DWIDTH 8 0
BBX 8 16 0 -4
BITMAP
00
00
00
00
00
66
5A
4A
4A
42
42
42
00
00
00
00
ENDCHAR
STARTCHAR n
ENCODING 110
SWIDTH 500 0
DWIDTH 8 0
BBX 8 16 0 -4
BITMAP
00
00
00
00
00
7C
42
42
42
42
42
42
00
00
00
00
ENDCHAR
STARTCHAR o
ENCODING 111
SWIDTH 500 0
DWIDTH 8 0
BBX 8 16 0 -4
BITMAP
00
00
00
00
00
3C
42
42
42
42
42
3C
00
00
00
00
ENDCHAR
STARTCHAR p
ENCODING 112
SWIDTH 500 0
DWIDTH 8 0
BBX 8 16 0 -4
BITMAP
00
00
00
00
00
7C
42
42
42
42
42
7C
40
40
40
00
ENDCHAR
STARTCHAR q
ENCODING 113
SWIDTH 500 0
DWIDTH 8 0
BBX 8 16 0 -4
BITMAP
00
00
00
00
00
3E
42
42
42
42
42
3E
02
02
02
00
ENDCHAR
STARTCHAR r
ENCODING 114
SWIDTH 500 0
DWIDTH 8 0
BBX 8 16 0 -4
BITMAP
00
00
00
00
00
5E
60
40
40
40
40
40
00
00
00
00
ENDCHAR
STARTCHAR s
ENCODING 115
SWIDTH 500 0
DWIDTH 8 0
BBX 8 16 0 -4
BITMAP
00
00
00
00
00
3E
40
40
3C
02
02
7C
00
00
00
00
ENDCHAR
STARTCHAR t
ENCODING 116
SWIDTH 500 0
DWIDTH 8 0
BBX 8 16 0 -4
BITMAP
00
00
10
10
10
7E
10
10
10
10
10
0E
00
00
00
00
ENDCHAR
STARTCHAR u
ENCODING 117
SWIDTH 500 0
DWIDTH 8 0
BBX 8 16 0 -4
BITMAP
00
00
00
00
00
42
42
42
42
42
42
3E
00
00
00
00
ENDCHAR
STARTCHAR v
ENCODING 118
SWIDTH 500 0
DWIDTH 8 0
BBX 8 16 0 -4
BITMAP
00
00
00
00
00
42
42
42
24
24
18
18
00
00
00
00
ENDCHAR
STARTCHAR w
ENCODING 119
SWIDTH 500 0
DWIDTH 8 0
BBX 8 16 0 -4
BITMAP
00
00
00
00
00
42
42
42
42
5A
24
24
00
00
00
00
ENDCHAR
STARTCHAR x
ENCODING 120
SWIDTH 500 0
DWIDTH 8 0
BBX 8 16 0 -4
BITMAP
00
00
00
00
00
42
42
24
18
24
42
42
00
00
00
00
ENDCHAR
STARTCHAR y
ENCODING 121
SWIDTH 500 0
DWIDTH 8 0
BBX 8 16 0 -4
BITMAP
00
00
00
00
00
42
42
42
42
42
42
3E
02
02
3C
00
ENDCHAR
STARTCHAR z
ENCODING 122
SWIDTH 500 0
DWIDTH 8 0
BBX 8 16 0 -4
BITMAP
00
00
00
00
00
7E
04
08
10
20
40
7E
00
00
00
00
ENDCHAR
STARTCHAR braceleft
ENCODING 123
SWIDTH 500 0
DWIDTH 8 0
BBX 8 16 0 -4
BITMAP
00
0C
10
10
10
10
10
60
10
10
10
10
0C
00
00
00
ENDCHAR
STARTCHAR bar
ENCODING 124
SWIDTH 500 0
DWIDTH 8 0
BBX 8 16 0 -4
BITMAP
00
10
10
10
10
10
10
10
10
10
10
10
10
00
00
00
ENDCHAR
STARTCHAR braceright
ENCODING 125
SWIDTH 500 0
DWIDTH 8 0
BBX 8 16 0 -4
BITMAP
00
60
10
10
10
10
10
0C
10
10
10
10
60
00
00
00
ENDCHAR
STARTCHAR asciitilde
ENCODING 126
SWIDTH 500 0
DWIDTH 8 0
BBX 8 16 0 -4
BITMAP
00
00
00
00
00
00
62
92
8C
00
00
00
00
00
00
00
ENDCHAR
STARTCHAR nbspace
ENCODING 160
SWIDTH 500 0
DWIDTH 8 0
BBX 8 16 0 -4
BITMAP
00
00
00
00
00
00
00
00
00
00
00
00
00
00
00
00
ENDCHAR
STARTCHAR exclamdown
ENCODING 161
SWIDTH 500 0
DWIDTH 8 0
BBX 8 16 0 -4
BITMAP
00
00
10
10
00
10
10
10
10
10
10
10
00
00
00
00
ENDCHAR
STARTCHAR cent
ENCODING 162
SWIDTH 500 0
DWIDTH 8 0
BBX 8 16 0 -4
BITMAP
00
00
00
10
10
3C
52
50
50
50
52
3C
10
10
00
00
ENDCHAR
STARTCHAR sterling
ENCODING 163
SWIDTH 500 0
DWIDTH 8 0
BBX 8 16 0 -4
BITMAP
00
00
18
24
20
20
78
20
20
20
22
7E
00
00
00
00
ENDCHAR
STARTCHAR currency
ENCODING 164
SWIDTH 500 0
DWIDTH 8 0
BBX 8 16 0 -4
BITMAP
00
00
00
00
44
38
44
44
44
38
44
00
00
00
00
00
ENDCHAR
STARTCHAR yen
ENCODING 165
SWIDTH 500 0
DWIDTH 8 0
BBX 8 16 0 -4
BITMAP
00
00
44
44
28
10
10
7C
10
7C
10
10
00
00
00
00
ENDCHAR
STARTCHAR brokenbar
ENCODING 166
SWIDTH 500 0
DWIDTH 8 0
BBX 8 16 0 -4
BITMAP
00
10
10
10
10
10
00
00
10
10
10
10
10
00
00
00
ENDCHAR
STARTCHAR section
ENCODING 167
SWIDTH 500 0
DWIDTH 8 0
BBX 8 16 0 -4
BITMAP
00
38
44
40
30
48
44
44
24
18
04
44
38
00
00
00
ENDCHAR
STARTCHAR dieresis
ENCODING 168
SWIDTH 500 0
DWIDTH 8 0
BBX 8 16 0 -4
BITMAP
24
24
00
00
00
00
00
00
00
00
00
00
00
00
00
00
ENDCHAR
STARTCHAR copyright
ENCODING 169
SWIDTH 500 0
DWIDTH 8 0
BBX 8 16 0 -4
BITMAP
00
00
00
3E
41
5D
55
51
55
5D
41
3E
00
00
00
00
ENDCHAR
STARTCHAR ordfeminine
ENCODING 170
SWIDTH 500 0
DWIDTH 8 0
BBX 8 16 0 -4
BITMAP
00
38
04
3C
44
3C
00
7C
00
00
00
00
00
00
00
00
ENDCHAR
STARTCHAR guillemotleft
ENCODING 171
SWIDTH 500 0
DWIDTH 8 0
BBX 8 16 0 -4
BITMAP
00
00
00
00
00
12
24
48
90
48
24
12
00
00
00
00
ENDCHAR
STARTCHAR logicalnot
ENCODING 172
SWIDTH 500 0
DWIDTH 8 0
BBX 8 16 0 -4
BITMAP
00
00
00
00
00
7E
02
02
02
00
00
00
00
00
00
00
ENDCHAR
STARTCHAR softhyphen
ENCODING 173
SWIDTH 500 0
DWIDTH 8 0
BBX 8 16 0 -4
BITMAP
00
00
00
00
00
00
00
3C
00
00
00
00
00
00
00
00
ENDCHAR
STARTCHAR registered
ENCODING 174
SWIDTH 500 0
DWIDTH 8 0
BBX 8 16 0 -4
BITMAP
00
00
00
3E
41
59
55
59
55
55
41
3E
00
00
00
00
ENDCHAR
STARTCHAR macron
ENCODING 175
SWIDTH 500 0
DWIDTH 8 0
BBX 8 16 0 -4
BITMAP
3C
00
00
00
00
00
00
00
00
00
00
00
00
00
00
00
ENDCHAR
STARTCHAR degree
ENCODING 176
SWIDTH 500 0
DWIDTH 8 0
BBX 8 16 0 -4
BITMAP
00
18
24
24
18
00
00
00
00
00
00
00
00
00
00
00
ENDCHAR
STARTCHAR plusminus
ENCODING 177
SWIDTH 500 0
DWIDTH 8 0
BBX 8 16 0 -4
BITMAP
00
00
00
00
10
10
7C
10
10
00
00
7C
00
00
00
00
ENDCHAR
STARTCHAR twosuperior
ENCODING 178
SWIDTH 500 0
DWIDTH 8 0
BBX 8 16 0 -4
BITMAP
00
18
24
08
10
3C
00
00
00
00
00
00
00
00
00
00
ENDCHAR
STARTCHAR threesuperior
ENCODING 179
SWIDTH 500 0
DWIDTH 8 0
BBX 8 16 0 -4
BITMAP
00
38
04
18
04
38
00
00
00
00
00
00
00
00
00
00
ENDCHAR
STARTCHAR acute
ENCODING 180
SWIDTH 500 0
DWIDTH 8 0
BBX 8 16 0 -4
BITMAP
08
10
00
00
00
00
00
00
00
00
00
00
00
00
00
00
ENDCHAR
STARTCHAR mu
ENCODING 181
SWIDTH 500 0
DWIDTH 8 0
BBX 8 16 0 -4
BITMAP
00
00
00
00
00
42
42
42
42
42
46
7A
40
40
40
00
ENDCHAR
STARTCHAR paragraph
ENCODING 182
SWIDTH 500 0
DWIDTH 8 0
BBX 8 16 0 -4
BITMAP
00
00
3E
4A
4A
4A
4A
3A
0A
0A
0A
0A
00
00
00
00
ENDCHAR
STARTCHAR periodcentered
ENCODING 183
SWIDTH 500 0
DWIDTH 8 0
BBX 8 16 0 -4
BITMAP
00
00
00
00
00
00
00
10
10
00
00
00
00
00
00
00
ENDCHAR
STARTCHAR cedilla
ENCODING 184
SWIDTH 500 0
DWIDTH 8 0
BBX 8 16 0 -4
BITMAP
00
00
00
00
00
00
00
00
00
00
00
00
10
10
20
00
ENDCHAR
STARTCHAR onesuperior
ENCODING 185
SWIDTH 500 0
DWIDTH 8 0
BBX 8 16 0 -4
BITMAP
00
10
30
10
10
10
00
00
00
00
00
00
00
00
00
00
ENDCHAR
STARTCHAR ordmasculine
ENCODING 186
SWIDTH 500 0
DWIDTH 8 0
BBX 8 16 0 -4
BITMAP
00
38
44
44
44
38
00
7C
00
00
00
00
00
00
00
00
ENDCHAR
STARTCHAR guillemotright
ENCODING 187
SWIDTH 500 0
DWIDTH 8 0
BBX 8 16 0 -4
BITMAP
00
00
00
00
00
90
48
24
12
24
48
90
00
00
00
00
ENDCHAR
STARTCHAR onequarter
ENCODING 188
SWIDTH 500 0
DWIDTH 8 0
BBX 8 16 0 -4
BITMAP
00
20
60
20
22
24
08
10
22
46
8A
1E
02
02
00
00
ENDCHAR
STARTCHAR onehalf
ENCODING 189
SWIDTH 500 0
DWIDTH 8 0
BBX 8 16 0 -4
BITMAP
00
20
60
20
22
24
08
10
20
4C
92
04
08
1E
00
00
ENDCHAR
STARTCHAR threequarters
ENCODING 190
SWIDTH 500 0
DWIDTH 8 0
BBX 8 16 0 -4
BITMAP
00
E0
10
60
12
E4
08
10
22
46
8A
1E
02
02
00
00
ENDCHAR
STARTCHAR questiondown
ENCODING 191
SWIDTH 500 0
DWIDTH 8 0
BBX 8 16 0 -4
BITMAP
00
00
10
10
00
10
10
20
42
42
42
3C
00
00
00
00
ENDCHAR
STARTCHAR Agrave
ENCODING 192
SWIDTH 500 0
DWIDTH 8 0
BBX 8 16 0 -4
BITMAP
20
10
00
3C
42
42
42
7E
42
42
42
42
00
00
00
00
ENDCHAR
STARTCHAR Aacute
ENCODING 193
SWIDTH 500 0
DWIDTH 8 0
BBX 8 16 0 -4
BITMAP
04
08
00
3C
42
42
42
7E
42
42
42
42
00
00
00
00
ENDCHAR
STARTCHAR Acircumflex
ENCODING 194
SWIDTH 500 0
DWIDTH 8 0
BBX 8 16 0 -4
BITMAP
18
24
00
3C
42
42
42
7E
42
42
42
42
00
00
00
00
ENDCHAR
STARTCHAR Atilde
ENCODING 195
SWIDTH 500 0
DWIDTH 8 0
BBX 8 16 0 -4
BITMAP
32
4C
00
3C
42
42
42
7E
42
42
42
42
00
00
00
00
ENDCHAR
STARTCHAR Adieresis
ENCODING 196
SWIDTH 500 0
DWIDTH 8 0
BBX 8 16 0 -4
BITMAP
24
24
00
3C
42
42
42
7E
42
42
42
42
00
00
00
00
ENDCHAR
STARTCHAR Aring
ENCODING 197
SWIDTH 500 0
DWIDTH 8 0
BBX 8 16 0 -4
BITMAP
18
24
18
3C
42
42
42
7E
42
42
42
42
00
00
00
00
ENDCHAR
STARTCHAR AE
ENCODING 198
SWIDTH 500 0
DWIDTH 8 0
BBX 8 16 0 -4
BITMAP
00
00
7E
90
90
90
FC
90
90
90
90
9E
00
00
00
00
ENDCHAR
STARTCHAR Ccedilla
ENCODING 199
SWIDTH 500 0
DWIDTH 8 0
BBX 8 16 0 -4
BITMAP
00
00
3C
42
42
40
40
40
40
42
42
3C
10
10
20
00
ENDCHAR
STARTCHAR Egrave
ENCODING 200
SWIDTH 500 0
DWIDTH 8 0
BBX 8 16 0 -4
BITMAP
20
10
00
7E
40
40
40
78
40
40
40
7E
00
00
00
00
ENDCHAR
STARTCHAR Eacute
ENCODING 201
SWIDTH 500 0
DWIDTH 8 0
BBX 8 16 0 -4
BITMAP
04
08
00
7E
40
40
40
78
40
40
40
7E
00
00
00
00
ENDCHAR
STARTCHAR Ecircumflex
ENCODING 202
SWIDTH 500 0
DWIDTH 8 0
BBX 8 16 0 -4
BITMAP
18
24
00
7E
40
40
40
78
40
40
40
7E
00
00
00
00
ENDCHAR
STARTCHAR Edieresis
ENCODING 203
SWIDTH 500 0
DWIDTH 8 0
BBX 8 16 0 -4
BITMAP
24
24
00
7E
40
40
40
78
40
40
40
7E
00
00
00
00
ENDCHAR
STARTCHAR Igrave
ENCODING 204
SWIDTH 500 0
DWIDTH 8 0
BBX 8 16 0 -4
BITMAP
20
10
00
7E
10
10
10
10
10
10
10
7E
00
00
00
00
ENDCHAR
STARTCHAR Iacute
ENCODING 205
SWIDTH 500 0
DWIDTH 8 0
BBX 8 16 0 -4
BITMAP
08
10
00
7E
10
10
10
10
10
10
10
7E
00
00
00
00
ENDCHAR
STARTCHAR Icircumflex
ENCODING 206
SWIDTH 500 0
DWIDTH 8 0
BBX 8 16 0 -4
BITMAP
18
24
00
7E
10
10
10
10
10
10
10
7E
00
00
00
00
ENDCHAR
STARTCHAR Idieresis
ENCODING 207
SWIDTH 500 0
DWIDTH 8 0
BBX 8 16 0 -4
BITMAP
24
24
00
7E
10
10
10
10
10
10
10
7E
00
00
00
00
ENDCHAR
STARTCHAR Eth
ENCODING 208
SWIDTH 500 0
DWIDTH 8 0
BBX 8 16 0 -4
BITMAP
00
00
78
44
42
42
F2
42
42
42
44
78
00
00
00
00
ENDCHAR
STARTCHAR Ntilde
ENCODING 209
SWIDTH 500 0
DWIDTH 8 0
BBX 8 16 0 -4
BITMAP
32
4C
00
42
42
62
52
4A
46
42
42
42
00
00
00
00
ENDCHAR
STARTCHAR Ograve
ENCODING 210
SWIDTH 500 0
DWIDTH 8 0
BBX 8 16 0 -4
BITMAP
20
10
00
3C
42
42
42
42
42
42
42
3C
00
00
00
00
ENDCHAR
STARTCHAR Oacute
ENCODING 211
SWIDTH 500 0
DWIDTH 8 0
BBX 8 16 0 -4
BITMAP
04
08
00
3C
42
42
42
42
42
42
42
3C
00
00
00
00
ENDCHAR
STARTCHAR Ocircumflex
ENCODING 212
SWIDTH 500 0
DWIDTH 8 0
BBX 8 16 0 -4
BITMAP
18
24
00
3C
42
42
42
42
42
42
42
3C
00
00
00
00
ENDCHAR
STARTCHAR Otilde
ENCODING 213
SWIDTH 500 0
DWIDTH 8 0
BBX 8 16 0 -4
BITMAP
32
4C
00
3C
42
42
42
42
42
42
42
3C
00
00
00
00
ENDCHAR
STARTCHAR Odieresis
ENCODING 214
SWIDTH 500 0
DWIDTH 8 0
BBX 8 16 0 -4
BITMAP
24
24
00
3C
42
42
42
42
42
42
42
3C
00
00
00
00
ENDCHAR
STARTCHAR multiply
ENCODING 215
SWIDTH 500 0
DWIDTH 8 0
BBX 8 16 0 -4
BITMAP
00
00
00
00
00
42
24
18
24
42
00
00
00
00
00
00
ENDCHAR
STARTCHAR Oslash
ENCODING 216
SWIDTH 500 0
DWIDTH 8 0
BBX 8 16 0 -4
BITMAP
00
02
3A
44
46
4A
4A
52
52
62
22
5C
40
00
00
00
ENDCHAR
STARTCHAR Ugrave
ENCODING 217
SWIDTH 500 0
DWIDTH 8 0
BBX 8 16 0 -4
BITMAP
20
10
42
42
42
42
42
42
42
42
42
3C
00
00
00
00
ENDCHAR
STARTCHAR Uacute
ENCODING 218
SWIDTH 500 0
DWIDTH 8 0
BBX 8 16 0 -4
BITMAP
04
08
42
42
42
42
42
42
42
42
42
3C
00
00
00
00
ENDCHAR
STARTCHAR Ucircumflex
ENCODING 219
SWIDTH 500 0
DWIDTH 8 0
BBX 8 16 0 -4
BITMAP
18
24
00
42
42
42
42
42
42
42
42
3C
00
00
00
00
ENDCHAR
STARTCHAR Udieresis
ENCODING 220
SWIDTH 500 0
DWIDTH 8 0
BBX 8 16 0 -4
BITMAP
24
24
00
42
42
42
42
42
42
42
42
3C
00
00
00
00
ENDCHAR
STARTCHAR Yacute
ENCODING 221
SWIDTH 500 0
DWIDTH 8 0
BBX 8 16 0 -4
BITMAP
08
10
44
44
28
28
10
10
10
10
10
10
00
00
00
00
ENDCHAR
STARTCHAR Thorn
ENCODING 222
SWIDTH 500 0
DWIDTH 8 0
BBX 8 16 0 -4
BITMAP
00
00
40
40
7C
42
42
42
42
7C
40
40
00
00
00
00
ENDCHAR
STARTCHAR germandbls
ENCODING 223
SWIDTH 500 0
DWIDTH 8 0
BBX 8 16 0 -4
BITMAP
00
00
38
44
44
48
7C
42
42
42
62
5C
00
00
00
00
ENDCHAR
STARTCHAR agrave
ENCODING 224
SWIDTH 500 0
DWIDTH 8 0
BBX 8 16 0 -4
BITMAP
00
00
20
10
00
3C
02
3E
42
42
42
3E
00
00
00
00
ENDCHAR
STARTCHAR aacute
ENCODING 225
SWIDTH 500 0
DWIDTH 8 0
BBX 8 16 0 -4
BITMAP
00
00
04
08
00
3C
02
3E
42
42
42
3E
00
00
00
00
ENDCHAR
STARTCHAR acircumflex
ENCODING 226
SWIDTH 500 0
DWIDTH 8 0
BBX 8 16 0 -4
BITMAP
00
00
18
24
00
3C
02
3E
42
42
42
3E
00
00
00
00
ENDCHAR
STARTCHAR atilde
ENCODING 227
SWIDTH 500 0
DWIDTH 8 0
BBX 8 16 0 -4
BITMAP
00
00
32
4C
00
3C
02
3E
42
42
42
3E
00
00
00
00
ENDCHAR
STARTCHAR adieresis
ENCODING 228
SWIDTH 500 0
DWIDTH 8 0
BBX 8 16 0 -4
BITMAP
00
00
24
24
00
3C
02
3E
42
42
42
3E
00
00
00
00
ENDCHAR
STARTCHAR aring
ENCODING 229
SWIDTH 500 0
DWIDTH 8 0
BBX 8 16 0 -4
BITMAP
00
18
24
18
00
3C
02
3E
42
42
42
3E
00
00
00
00
ENDCHAR
STARTCHAR ae
ENCODING 230
SWIDTH 500 0
DWIDTH 8 0
BBX 8 16 0 -4
BITMAP
00
00
00
00
00
6C
12
72
9E
90
90
6C
00
00
00
00
ENDCHAR
STARTCHAR ccedilla
ENCODING 231
SWIDTH 500 0
DWIDTH 8 0
BBX 8 16 0 -4
BITMAP
00
00
00
00
00
3C
42
40
40
40
42
3C
10
10
20
00
ENDCHAR
STARTCHAR egrave
ENCODING 232
SWIDTH 500 0
DWIDTH 8 0
BBX 8 16 0 -4
BITMAP
00
00
20
10
00
3C
42
42
7E
40
40
3C
00
00
00
00
ENDCHAR
STARTCHAR eacute
ENCODING 233
SWIDTH 500 0
DWIDTH 8 0
BBX 8 16 0 -4
BITMAP
00
00
04
08
00
3C
42
42
7E
40
40
3C
00
00
00
00
ENDCHAR
STARTCHAR ecircumflex
ENCODING 234
SWIDTH 500 0
DWIDTH 8 0
BBX 8 16 0 -4
BITMAP
00
00
18
24
00
3C
42
42
7E
40
40
3C
00
00
00
00
ENDCHAR
STARTCHAR edieresis
ENCODING 235
SWIDTH 500 0
DWIDTH 8 0
BBX 8 16 0 -4
BITMAP
00
00
24
24
00
3C
42
42
7E
40
40
3C
00
00
00
00
ENDCHAR
STARTCHAR igrave
ENCODING 236
SWIDTH 500 0
DWIDTH 8 0
BBX 8 16 0 -4
BITMAP
00
00
20
10
00
70
10
10
10
10
10
7E
00
00
00
00
ENDCHAR
STARTCHAR iacute
ENCODING 237
SWIDTH 500 0
DWIDTH 8 0
BBX 8 16 0 -4
BITMAP
00
00
08
10
00
70
10
10
10
10
10
7E
00
00
00
00
ENDCHAR
STARTCHAR icircumflex
ENCODING 238
SWIDTH 500 0
DWIDTH 8 0
BBX 8 16 0 -4
BITMAP
00
00
30
48
00
70
10
10
10
10
10
7E
00
00
00
00
ENDCHAR
STARTCHAR idieresis
ENCODING 239
SWIDTH 500 0
DWIDTH 8 0
BBX 8 16 0 -4
BITMAP
00
00
48
48
00
70
10
10
10
10
10
7E
00
00
00
00
ENDCHAR
STARTCHAR eth
ENCODING 240
SWIDTH 500 0
DWIDTH 8 0
BBX 8 16 0 -4
BITMAP
00
00
28
10
28
3C
42
42
42
42
42
3C
00
00
00
00
ENDCHAR
STARTCHAR ntilde
ENCODING 241
SWIDTH 500 0
DWIDTH 8 0
BBX 8 16 0 -4
BITMAP
00
00
32
4C
00
7C
42
42
42
42
42
42
00
00
00
00
ENDCHAR
STARTCHAR ograve
ENCODING 242
SWIDTH 500 0
DWIDTH 8 0
BBX 8 16 0 -4
BITMAP
00
00
20
10
00
3C
42
42
42
42
42
3C
00
00
00
00
ENDCHAR
STARTCHAR oacute
ENCODING 243
SWIDTH 500 0
DWIDTH 8 0
BBX 8 16 0 -4
BITMAP
00
00
04
08
00
3C
42
42
42
42
42
3C
00
00
00
00
ENDCHAR
STARTCHAR ocircumflex
ENCODING 244
SWIDTH 500 0
DWIDTH 8 0
BBX 8 16 0 -4
BITMAP
00
00
18
24
00
3C
42
42
42
42
42
3C
00
00
00
00
ENDCHAR
STARTCHAR otilde
ENCODING 245
SWIDTH 500 0
DWIDTH 8 0
BBX 8 16 0 -4
BITMAP
00
00
32
4C
00
3C
42
42
42
42
42
3C
00
00
00
00
ENDCHAR
STARTCHAR odieresis
ENCODING 246
SWIDTH 500 0
DWIDTH 8 0
BBX 8 16 0 -4
BITMAP
00
00
24
24
00
3C
42
42
42
42
42
3C
00
00
00
00
ENDCHAR
STARTCHAR divide
ENCODING 247
SWIDTH 500 0
DWIDTH 8 0
BBX 8 16 0 -4
BITMAP
00
00
00
00
10
10
00
7C
00
10
10
00
00
00
00
00
ENDCHAR
STARTCHAR oslash
ENCODING 248
SWIDTH 500 0
DWIDTH 8 0
BBX 8 16 0 -4
BITMAP
00
00
00
00
02
3C
46
4A
52
62
42
BC
00
00
00
00
ENDCHAR
STARTCHAR ugrave
ENCODING 249
SWIDTH 500 0
DWIDTH 8 0
BBX 8 16 0 -4
BITMAP
00
00
20
10
00
42
42
42
42
42
42
3E
00
00
00
00
ENDCHAR
STARTCHAR uacute
ENCODING 250
SWIDTH 500 0
DWIDTH 8 0
BBX 8 16 0 -4
BITMAP
00
00
04
08
00
42
42
42
42
42
42
3E
00
00
00
00
ENDCHAR
STARTCHAR ucircumflex
ENCODING 251
SWIDTH 500 0
DWIDTH 8 0
BBX 8 16 0 -4
BITMAP
00
00
18
24
00
42
42
42
42
42
42
3E
00
00
00
00
ENDCHAR
STARTCHAR udieresis
ENCODING 252
SWIDTH 500 0
DWIDTH 8 0
BBX 8 16 0 -4
BITMAP
00
00
24
24
00
42
42
42
42
42
42
3E
00
00
00
00
ENDCHAR
STARTCHAR yacute
ENCODING 253
SWIDTH 500 0
DWIDTH 8 0
BBX 8 16 0 -4
BITMAP
00
00
04
08
00
42
42
42
42
42
42
3E
02
02
3C
00
ENDCHAR
STARTCHAR thorn
ENCODING 254
SWIDTH 500 0
DWIDTH 8 0
BBX 8 16 0 -4
BITMAP
00
00
40
40
40
7C
42
42
42
42
42
7C
40
40
40
00
ENDCHAR
STARTCHAR ydieresis
ENCODING 255
SWIDTH 500 0
DWIDTH 8 0
BBX 8 16 0 -4
BITMAP
00
00
24
24
00
42
42
42
42
42
42
3E
02
02
3C
00
ENDCHAR
STARTCHAR Amacron
ENCODING 256
SWIDTH 500 0
DWIDTH 8 0
BBX 8 16 0 -4
BITMAP
3C
00
3C
42
42
42
42
7E
42
42
42
42
00
00
00
00
ENDCHAR
STARTCHAR amacron
ENCODING 257
SWIDTH 500 0
DWIDTH 8 0
BBX 8 16 0 -4
BITMAP
00
00
00
3C
00
3C
02
3E
42
42
42
3E
00
00
00
00
ENDCHAR
STARTCHAR Abreve
ENCODING 258
SWIDTH 500 0
DWIDTH 8 0
BBX 8 16 0 -4
BITMAP
24
18
00
3C
42
42
42
7E
42
42
42
42
00
00
00
00
ENDCHAR
STARTCHAR abreve
ENCODING 259
SWIDTH 500 0
DWIDTH 8 0
BBX 8 16 0 -4
BITMAP
00
00
24
18
00
3C
02
3E
42
42
42
3E
00
00
00
00
ENDCHAR
STARTCHAR Aogonek
ENCODING 260
SWIDTH 500 0
DWIDTH 8 0
BBX 8 16 0 -4
BITMAP
00
00
3C
42
42
42
42
7E
42
42
42
42
04
08
06
00
ENDCHAR
STARTCHAR aogonek
ENCODING 261
SWIDTH 500 0
DWIDTH 8 0
BBX 8 16 0 -4
BITMAP
00
00
00
00
00
3C
02
3E
42
42
42
3E
04
08
06
00
ENDCHAR
STARTCHAR Cacute
ENCODING 262
SWIDTH 500 0
DWIDTH 8 0
BBX 8 16 0 -4
BITMAP
04
08
00
3C
42
42
40
40
40
42
42
3C
00
00
00
00
ENDCHAR
STARTCHAR cacute
ENCODING 263
SWIDTH 500 0
DWIDTH 8 0
BBX 8 16 0 -4
BITMAP
00
00
04
08
00
3C
42
40
40
40
42
3C
00
00
00
00
ENDCHAR
STARTCHAR Ccircumflex
ENCODING 264
SWIDTH 500 0
DWIDTH 8 0
BBX 8 16 0 -4
BITMAP
18
24
00
3C
42
42
40
40
40
42
42
3C
00
00
00
00
ENDCHAR
STARTCHAR ccircumflex
ENCODING 265
SWIDTH 500 0
DWIDTH 8 0
BBX 8 16 0 -4
BITMAP
00
00
18
24
00
3C
42
40
40
40
42
3C
00
00
00
00
ENDCHAR
STARTCHAR Cdotaccent
ENCODING 266
SWIDTH 500 0
DWIDTH 8 0
BBX 8 16 0 -4
BITMAP
10
10
00
3C
42
42
40
40
40
42
42
3C
00
00
00
00
ENDCHAR
STARTCHAR cdotaccent
ENCODING 267
SWIDTH 500 0
DWIDTH 8 0
BBX 8 16 0 -4
BITMAP
00
00
10
10
00
3C
42
40
40
40
42
3C
00
00
00
00
ENDCHAR
STARTCHAR Ccaron
ENCODING 268
SWIDTH 500 0
DWIDTH 8 0
BBX 8 16 0 -4
BITMAP
24
18
00
3C
42
42
40
40
40
42
42
3C
00
00
00
00
ENDCHAR
STARTCHAR ccaron
ENCODING 269
SWIDTH 500 0
DWIDTH 8 0
BBX 8 16 0 -4
BITMAP
00
00
24
18
00
3C
42
40
40
40
42
3C
00
00
00
00
ENDCHAR
STARTCHAR Dcaron
ENCODING 270
SWIDTH 500 0
DWIDTH 8 0
BBX 8 16 0 -4
BITMAP
24
18
00
78
44
42
42
42
42
42
44
78
00
00
00
00
ENDCHAR
STARTCHAR dcaron
ENCODING 271
SWIDTH 500 0
DWIDTH 8 0
BBX 8 16 0 -4
BITMAP
24
18
02
02
02
3E
42
42
42
42
42
3E
00
00
00
00
ENDCHAR
STARTCHAR Dcroat
ENCODING 272
SWIDTH 500 0
DWIDTH 8 0
BBX 8 16 0 -4
BITMAP
00
00
78
44
42
42
F2
42
42
42
44
78
00
00
00
00
ENDCHAR
STARTCHAR dcroat
ENCODING 273
SWIDTH 500 0
DWIDTH 8 0
BBX 8 16 0 -4
BITMAP
00
00
02
0F
02
3E
42
42
42
42
42
3E
00
00
00
00
ENDCHAR
STARTCHAR Emacron
ENCODING 274
SWIDTH 500 0
DWIDTH 8 0
BBX 8 16 0 -4
BITMAP
3C
00
7E
40
40
40
78
40
40
40
40
7E
00
00
00
00
ENDCHAR
STARTCHAR emacron
ENCODING 275
SWIDTH 500 0
DWIDTH 8 0
BBX 8 16 0 -4
BITMAP
00
00
00
3C
00
3C
42
42
7E
40
40
3C
00
00
00
00
ENDCHAR
STARTCHAR Ebreve
ENCODING 276
SWIDTH 500 0
DWIDTH 8 0
BBX 8 16 0 -4
BITMAP
24
18
00
7E
40
40
40
78
40
40
40
7E
00
00
00
00
ENDCHAR
STARTCHAR ebreve
ENCODING 277
SWIDTH 500 0
DWIDTH 8 0
BBX 8 16 0 -4
BITMAP
00
00
24
18
00
3C
42
42
7E
40
40
3C
00
00
00
00
ENDCHAR
STARTCHAR Edotaccent
ENCODING 278
SWIDTH 500 0
DWIDTH 8 0
BBX 8 16 0 -4
BITMAP
10
10
00
7E
40
40
40
78
40
40
40
7E
00
00
00
00
ENDCHAR
STARTCHAR edotaccent
ENCODING 279
SWIDTH 500 0
DWIDTH 8 0
BBX 8 16 0 -4
BITMAP
00
00
10
10
00
3C
42
42
7E
40
40
3C
00
00
00
00
ENDCHAR
STARTCHAR Eogonek
ENCODING 280
SWIDTH 500 0
DWIDTH 8 0
BBX 8 16 0 -4
BITMAP
00
00
7E
40
40
40
78
40
40
40
40
7E
08
10
0C
00
ENDCHAR
STARTCHAR eogonek
ENCODING 281
SWIDTH 500 0
DWIDTH 8 0
BBX 8 16 0 -4
BITMAP
00
00
00
00
00
3C
42
42
7E
40
40
3C
08
10
0C
00
ENDCHAR
STARTCHAR Ecaron
ENCODING 282
SWIDTH 500 0
DWIDTH 8 0
BBX 8 16 0 -4
BITMAP
24
18
00
7E
40
40
40
78
40
40
40
7E
00
00
00
00
ENDCHAR
STARTCHAR ecaron
ENCODING 283
SWIDTH 500 0
DWIDTH 8 0
BBX 8 16 0 -4
BITMAP
00
00
24
18
00
3C
42
42
7E
40
40
3C
00
00
00
00
ENDCHAR
STARTCHAR Gcircumflex
ENCODING 284
SWIDTH 500 0
DWIDTH 8 0
BBX 8 16 0 -4
BITMAP
18
24
00
3C
42
42
40
4E
42
42
42
3C
00
00
00
00
ENDCHAR
STARTCHAR gcircumflex
ENCODING 285
SWIDTH 500 0
DWIDTH 8 0
BBX 8 16 0 -4
BITMAP
00
00
18
24
00
3E
42
42
42
42
42
3E
02
02
3C
00
ENDCHAR
STARTCHAR Gbreve
ENCODING 286
SWIDTH 500 0
DWIDTH 8 0
BBX 8 16 0 -4
BITMAP
24
18
00
3C
42
42
40
4E
42
42
42
3C
00
00
00
00
ENDCHAR
STARTCHAR gbreve
ENCODING 287
SWIDTH 500 0
DWIDTH 8 0
BBX 8 16 0 -4
BITMAP
00
00
24
18
00
3E
42
42
42
42
42
3E
02
02
3C
00
ENDCHAR
STARTCHAR Gdotaccent
ENCODING 288
SWIDTH 500 0
DWIDTH 8 0
BBX 8 16 0 -4
BITMAP
10
10
00
3C
42
42
40
4E
42
42
42
3C
00
00
00
00
ENDCHAR
STARTCHAR gdotaccent
ENCODING 289
SWIDTH 500 0
DWIDTH 8 0
BBX 8 16 0 -4
BITMAP
00
00
10
10
00
3E
42
42
42
42
42
3E
02
02
3C
00
ENDCHAR
STARTCHAR Gcommaaccent
ENCODING 290
SWIDTH 500 0
DWIDTH 8 0
BBX 8 16 0 -4
BITMAP
00
00
3C
42
42
40
40
4E
42
42
42
3C
00
10
10
20
ENDCHAR
STARTCHAR gcommaaccent
ENCODING 291
SWIDTH 500 0
DWIDTH 8 0
BBX 8 16 0 -4
BITMAP
00
04
08
08
00
3E
42
42
42
42
42
3E
02
02
3C
00
ENDCHAR
STARTCHAR Hcircumflex
ENCODING 292
SWIDTH 500 0
DWIDTH 8 0
BBX 8 16 0 -4
BITMAP
18
24
00
42
42
42
42
7E
42
42
42
42
00
00
00
00
ENDCHAR
STARTCHAR hcircumflex
ENCODING 293
SWIDTH 500 0
DWIDTH 8 0
BBX 8 16 0 -4
BITMAP
0C
12
40
40
40
7C
42
42
42
42
42
42
00
00
00
00
ENDCHAR
STARTCHAR Hbar
ENCODING 294
SWIDTH 500 0
DWIDTH 8 0
BBX 8 16 0 -4
BITMAP
00
00
42
FF
42
42
7E
42
42
42
42
42
00
00
00
00
ENDCHAR
STARTCHAR hbar
ENCODING 295
SWIDTH 500 0
DWIDTH 8 0
BBX 8 16 0 -4
BITMAP
00
00
40
F8
40
7C
42
42
42
42
42
42
00
00
00
00
ENDCHAR
STARTCHAR Itilde
ENCODING 296
SWIDTH 500 0
DWIDTH 8 0
BBX 8 16 0 -4
BITMAP
32
4C
00
7E
10
10
10
10
10
10
10
7E
00
00
00
00
ENDCHAR
STARTCHAR itilde
ENCODING 297
SWIDTH 500 0
DWIDTH 8 0
BBX 8 16 0 -4
BITMAP
00
00
34
58
00
70
10
10
10
10
10
7E
00
00
00
00
ENDCHAR
STARTCHAR Imacron
ENCODING 298
SWIDTH 500 0
DWIDTH 8 0
BBX 8 16 0 -4
BITMAP
7E
00
7E
10
10
10
10
10
10
10
10
7E
00
00
00
00
ENDCHAR
STARTCHAR imacron
ENCODING 299
SWIDTH 500 0
DWIDTH 8 0
BBX 8 16 0 -4
BITMAP
00
00
00
78
00
70
10
10
10
10
10
7E
00
00
00
00
ENDCHAR
STARTCHAR Ibreve
ENCODING 300
SWIDTH 500 0
DWIDTH 8 0
BBX 8 16 0 -4
BITMAP
24
18
00
7E
10
10
10
10
10
10
10
7E
00
00
00
00
ENDCHAR
STARTCHAR ibreve
ENCODING 301
SWIDTH 500 0
DWIDTH 8 0
BBX 8 16 0 -4
BITMAP
00
00
48
30
00
70
10
10
10
10
10
7E
00
00
00
00
ENDCHAR
STARTCHAR Iogonek
ENCODING 302
SWIDTH 500 0
DWIDTH 8 0
BBX 8 16 0 -4
BITMAP
00
00
7E
10
10
10
10
10
10
10
10
7E
10
20
18
00
ENDCHAR
STARTCHAR iogonek
ENCODING 303
SWIDTH 500 0
DWIDTH 8 0
BBX 8 16 0 -4
BITMAP
00
00
10
10
00
70
10
10
10
10
10
7E
10
20
18
00
ENDCHAR
STARTCHAR Idotaccent
ENCODING 304
SWIDTH 500 0
DWIDTH 8 0
BBX 8 16 0 -4
BITMAP
10
10
00
7E
10
10
10
10
10
10
10
7E
00
00
00
00
ENDCHAR
STARTCHAR dotlessi
ENCODING 305
SWIDTH 500 0
DWIDTH 8 0
BBX 8 16 0 -4
BITMAP
00
00
00
00
00
70
10
10
10
10
10
7E
00
00
00
00
ENDCHAR
STARTCHAR IJ
ENCODING 306
SWIDTH 500 0
DWIDTH 8 0
BBX 8 16 0 -4
BITMAP
00
00
E7
42
42
42
42
42
42
52
52
EC
00
00
00
00
ENDCHAR
STARTCHAR ij
ENCODING 307
SWIDTH 500 0
DWIDTH 8 0
BBX 8 16 0 -4
BITMAP
00
00
22
22
00
66
22
22
22
22
22
7A
02
02
1C
00
ENDCHAR
STARTCHAR Jcircumflex
ENCODING 308
SWIDTH 500 0
DWIDTH 8 0
BBX 8 16 0 -4
BITMAP
0C
12
00
1E
02
02
02
02
02
02
04
78
00
00
00
00
ENDCHAR
STARTCHAR jcircumflex
ENCODING 309
SWIDTH 500 0
DWIDTH 8 0
BBX 8 16 0 -4
BITMAP
00
00
0C
12
00
0C
04
04
04
04
04
04
04
08
70
00
ENDCHAR
STARTCHAR Kcommaaccent
ENCODING 310
SWIDTH 500 0
DWIDTH 8 0
BBX 8 16 0 -4
BITMAP
00
00
42
44
48
50
60
60
50
48
44
42
00
10
10
20
ENDCHAR
STARTCHAR kcommaaccent
ENCODING 311
SWIDTH 500 0
DWIDTH 8 0
BBX 8 16 0 -4
BITMAP
00
00
40
40
40
42
44
48
70
48
44
42
00
10
10
20
ENDCHAR
STARTCHAR kgreenlandic
ENCODING 312
SWIDTH 500 0
DWIDTH 8 0
BBX 8 16 0 -4
BITMAP
00
00
00
00
00
42
44
48
70
48
44
42
00
00
00
00
ENDCHAR
STARTCHAR Lacute
ENCODING 313
SWIDTH 500 0
DWIDTH 8 0
BBX 8 16 0 -4
BITMAP
20
40
00
40
40
40
40
40
40
40
40
7E
00
00
00
00
ENDCHAR
STARTCHAR lacute
ENCODING 314
SWIDTH 500 0
DWIDTH 8 0
BBX 8 16 0 -4
BITMAP
08
10
00
70
10
10
10
10
10
10
10
0E
00
00
00
00
ENDCHAR
STARTCHAR Lcommaaccent
ENCODING 315
SWIDTH 500 0
DWIDTH 8 0
BBX 8 16 0 -4
BITMAP
00
00
40
40
40
40
40
40
40
40
40
7E
00
10
10
20
ENDCHAR
STARTCHAR lcommaaccent
ENCODING 316
SWIDTH 500 0
DWIDTH 8 0
BBX 8 16 0 -4
BITMAP
00
00
70
10
10
10
10
10
10
10
10
0E
00
10
10
20
ENDCHAR
STARTCHAR Lcaron
ENCODING 317
SWIDTH 500 0
DWIDTH 8 0
BBX 8 16 0 -4
BITMAP
24
18
40
40
40
40
40
40
40
40
40
7E
00
00
00
00
ENDCHAR
STARTCHAR lcaron
ENCODING 318
SWIDTH 500 0
DWIDTH 8 0
BBX 8 16 0 -4
BITMAP
48
30
00
70
10
10
10
10
10
10
10
0E
00
00
00
00
ENDCHAR
STARTCHAR Ldotaccent
ENCODING 319
SWIDTH 500 0
DWIDTH 8 0
BBX 8 16 0 -4
BITMAP
00
00
40
40
40
40
44
44
40
40
40
7E
00
00
00
00
ENDCHAR
STARTCHAR ldotaccent
ENCODING 320
SWIDTH 500 0
DWIDTH 8 0
BBX 8 16 0 -4
BITMAP
00
00
70
10
10
10
12
12
10
10
10
0E
00
00
00
00
ENDCHAR
STARTCHAR Lslash
ENCODING 321
SWIDTH 500 0
DWIDTH 8 0
BBX 8 16 0 -4
BITMAP
00
00
20
20
20
2C
30
60
20
20
20
3E
00
00
00
00
ENDCHAR
STARTCHAR lslash
ENCODING 322
SWIDTH 500 0
DWIDTH 8 0
BBX 8 16 0 -4
BITMAP
00
00
70
10
10
16
18
70
10
10
10
0E
00
00
00
00
ENDCHAR
STARTCHAR Nacute
ENCODING 323
SWIDTH 500 0
DWIDTH 8 0
BBX 8 16 0 -4
BITMAP
04
08
42
42
42
62
52
4A
46
42
42
42
00
00
00
00
ENDCHAR
STARTCHAR nacute
ENCODING 324
SWIDTH 500 0
DWIDTH 8 0
BBX 8 16 0 -4
BITMAP
00
00
04
08
00
7C
42
42
42
42
42
42
00
00
00
00
ENDCHAR
STARTCHAR Ncommaaccent
ENCODING 325
SWIDTH 500 0
DWIDTH 8 0
BBX 8 16 0 -4
BITMAP
00
00
42
42
42
62
52
4A
46
42
42
42
00
10
10
20
ENDCHAR
STARTCHAR ncommaaccent
ENCODING 326
SWIDTH 500 0
DWIDTH 8 0
BBX 8 16 0 -4
BITMAP
00
00
00
00
00
7C
42
42
42
42
42
42
00
10
10
20
ENDCHAR
STARTCHAR Ncaron
ENCODING 327
SWIDTH 500 0
DWIDTH 8 0
BBX 8 16 0 -4
BITMAP
24
18
42
42
42
62
52
4A
46
42
42
42
00
00
00
00
ENDCHAR
STARTCHAR ncaron
ENCODING 328
SWIDTH 500 0
DWIDTH 8 0
BBX 8 16 0 -4
BITMAP
00
00
24
18
00
7C
42
42
42
42
42
42
00
00
00
00
ENDCHAR
STARTCHAR quoterightn
ENCODING 329
SWIDTH 500 0
DWIDTH 8 0
BBX 8 16 0 -4
BITMAP
00
40
40
80
00
7C
42
42
42
42
42
42
00
00
00
00
ENDCHAR
STARTCHAR Eng
ENCODING 330
SWIDTH 500 0
DWIDTH 8 0
BBX 8 16 0 -4
BITMAP
00
00
42
42
42
62
52
4A
46
42
42
42
02
02
04
00
ENDCHAR
STARTCHAR eng
ENCODING 331
SWIDTH 500 0
DWIDTH 8 0
BBX 8 16 0 -4
BITMAP
00
00
00
00
00
7C
42
42
42
42
42
42
02
02
04
00
ENDCHAR
STARTCHAR Omacron
ENCODING 332
SWIDTH 500 0
DWIDTH 8 0
BBX 8 16 0 -4
BITMAP
3C
00
3C
42
42
42
42
42
42
42
42
3C
00
00
00
00
ENDCHAR
STARTCHAR omacron
ENCODING 333
SWIDTH 500 0
DWIDTH 8 0
BBX 8 16 0 -4
BITMAP
00
00
00
3C
00
3C
42
42
42
42
42
3C
00
00
00
00
ENDCHAR
STARTCHAR Obreve
ENCODING 334
SWIDTH 500 0
DWIDTH 8 0
BBX 8 16 0 -4
BITMAP
24
18
00
3C
42
42
42
42
42
42
42
3C
00
00
00
00
ENDCHAR
STARTCHAR obreve
ENCODING 335
SWIDTH 500 0
DWIDTH 8 0
BBX 8 16 0 -4
BITMAP
00
00
24
18
00
3C
42
42
42
42
42
3C
00
00
00
00
ENDCHAR
STARTCHAR Ohungarumlaut
ENCODING 336
SWIDTH 500 0
DWIDTH 8 0
BBX 8 16 0 -4
BITMAP
12
24
00
3C
42
42
42
42
42
42
42
3C
00
00
00
00
ENDCHAR
STARTCHAR ohungarumlaut
ENCODING 337
SWIDTH 500 0
DWIDTH 8 0
BBX 8 16 0 -4
BITMAP
00
00
12
24
00
3C
42
42
42
42
42
3C
00
00
00
00
ENDCHAR
STARTCHAR OE
ENCODING 338
SWIDTH 500 0
DWIDTH 8 0
BBX 8 16 0 -4
BITMAP
00
00
7E
90
90
90
9C
90
90
90
90
7E
00
00
00
00
ENDCHAR
STARTCHAR oe
ENCODING 339
SWIDTH 500 0
DWIDTH 8 0
BBX 8 16 0 -4
BITMAP
00
00
00
00
00
7C
92
92
9E
90
90
7C
00
00
00
00
ENDCHAR
STARTCHAR Racute
ENCODING 340
SWIDTH 500 0
DWIDTH 8 0
BBX 8 16 0 -4
BITMAP
08
10
00
7C
42
42
42
7C
50
48
44
42
00
00
00
00
ENDCHAR
STARTCHAR racute
ENCODING 341
SWIDTH 500 0
DWIDTH 8 0
BBX 8 16 0 -4
BITMAP
00
00
08
10
00
5E
60
40
40
40
40
40
00
00
00
00
ENDCHAR
STARTCHAR Rcommaaccent
ENCODING 342
SWIDTH 500 0
DWIDTH 8 0
BBX 8 16 0 -4
BITMAP
00
00
7C
42
42
42
42
7C
50
48
44
42
00
10
10
20
ENDCHAR
STARTCHAR rcommaaccent
ENCODING 343
SWIDTH 500 0
DWIDTH 8 0
BBX 8 16 0 -4
BITMAP
00
00
00
00
00
5E
60
40
40
40
40
40
00
40
40
80
ENDCHAR
STARTCHAR Rcaron
ENCODING 344
SWIDTH 500 0
DWIDTH 8 0
BBX 8 16 0 -4
BITMAP
24
18
00
7C
42
42
42
7C
50
48
44
42
00
00
00
00
ENDCHAR
STARTCHAR rcaron
ENCODING 345
SWIDTH 500 0
DWIDTH 8 0
BBX 8 16 0 -4
BITMAP
00
00
24
18
00
5E
60
40
40
40
40
40
00
00
00
00
ENDCHAR
STARTCHAR Sacute
ENCODING 346
SWIDTH 500 0
DWIDTH 8 0
BBX 8 16 0 -4
BITMAP
04
08
00
3C
42
40
40
3C
02
02
42
3C
00
00
00
00
ENDCHAR
STARTCHAR sacute
ENCODING 347
SWIDTH 500 0
DWIDTH 8 0
BBX 8 16 0 -4
BITMAP
00
00
04
08
00
3E
40
40
3C
02
02
7C
00
00
00
00
ENDCHAR
STARTCHAR Scircumflex
ENCODING 348
SWIDTH 500 0
DWIDTH 8 0
BBX 8 16 0 -4
BITMAP
18
24
00
3C
42
40
40
3C
02
02
42
3C
00
00
00
00
ENDCHAR
STARTCHAR scircumflex
ENCODING 349
SWIDTH 500 0
DWIDTH 8 0
BBX 8 16 0 -4
BITMAP
00
00
18
24
00
3E
40
40
3C
02
02
7C
00
00
00
00
ENDCHAR
STARTCHAR Scedilla
ENCODING 350
SWIDTH 500 0
DWIDTH 8 0
BBX 8 16 0 -4
BITMAP
00
00
3C
42
40
40
3C
02
02
42
42
3C
10
10
20
00
ENDCHAR
STARTCHAR scedilla
ENCODING 351
SWIDTH 500 0
DWIDTH 8 0
BBX 8 16 0 -4
BITMAP
00
00
00
00
00
3E
40
40
3C
02
02
7C
10
10
20
00
ENDCHAR
STARTCHAR Scaron
ENCODING 352
SWIDTH 500 0
DWIDTH 8 0
BBX 8 16 0 -4
BITMAP
24
18
00
3C
42
40
40
3C
02
02
42
3C
00
00
00
00
ENDCHAR
STARTCHAR scaron
ENCODING 353
SWIDTH 500 0
DWIDTH 8 0
BBX 8 16 0 -4
BITMAP
00
00
24
18
00
3E
40
40
3C
02
02
7C
00
00
00
00
ENDCHAR
STARTCHAR Tcedilla
ENCODING 354
SWIDTH 500 0
DWIDTH 8 0
BBX 8 16 0 -4
BITMAP
00
00
7E
10
10
10
10
10
10
10
10
10
08
08
10
00
ENDCHAR
STARTCHAR tcedilla
ENCODING 355
SWIDTH 500 0
DWIDTH 8 0
BBX 8 16 0 -4
BITMAP
00
00
10
10
10
7E
10
10
10
10
10
0E
04
04
08
00
ENDCHAR
STARTCHAR Tcaron
ENCODING 356
SWIDTH 500 0
DWIDTH 8 0
BBX 8 16 0 -4
BITMAP
24
18
00
7E
10
10
10
10
10
10
10
10
00
00
00
00
ENDCHAR
STARTCHAR tcaron
ENCODING 357
SWIDTH 500 0
DWIDTH 8 0
BBX 8 16 0 -4
BITMAP
24
18
00
10
10
7E
10
10
10
10
10
0E
00
00
00
00
ENDCHAR
STARTCHAR Tbar
ENCODING 358
SWIDTH 500 0
DWIDTH 8 0
BBX 8 16 0 -4
BITMAP
00
00
7E
10
10
10
38
10
10
10
10
10
00
00
00
00
ENDCHAR
STARTCHAR tbar
ENCODING 359
SWIDTH 500 0
DWIDTH 8 0
BBX 8 16 0 -4
BITMAP
00
00
10
10
10
7E
10
38
10
10
10
0E
00
00
00
00
ENDCHAR
STARTCHAR Utilde
ENCODING 360
SWIDTH 500 0
DWIDTH 8 0
BBX 8 16 0 -4
BITMAP
32
4C
00
42
42
42
42
42
42
42
42
3C
00
00
00
00
ENDCHAR
STARTCHAR utilde
ENCODING 361
SWIDTH 500 0
DWIDTH 8 0
BBX 8 16 0 -4
BITMAP
00
00
32
4C
00
42
42
42
42
42
42
3E
00
00
00
00
ENDCHAR
STARTCHAR Umacron
ENCODING 362
SWIDTH 500 0
DWIDTH 8 0
BBX 8 16 0 -4
BITMAP
3C
00
42
42
42
42
42
42
42
42
42
3C
00
00
00
00
ENDCHAR
STARTCHAR umacron
ENCODING 363
SWIDTH 500 0
DWIDTH 8 0
BBX 8 16 0 -4
BITMAP
00
00
00
3C
00
42
42
42
42
42
42
3E
00
00
00
00
ENDCHAR
STARTCHAR Ubreve
ENCODING 364
SWIDTH 500 0
DWIDTH 8 0
BBX 8 16 0 -4
BITMAP
24
18
42
42
42
42
42
42
42
42
42
3C
00
00
00
00
ENDCHAR
STARTCHAR ubreve
ENCODING 365
SWIDTH 500 0
DWIDTH 8 0
BBX 8 16 0 -4
BITMAP
00
00
24
18
00
42
42
42
42
42
42
3E
00
00
00
00
ENDCHAR
STARTCHAR Uring
ENCODING 366
SWIDTH 500 0
DWIDTH 8 0
BBX 8 16 0 -4
BITMAP
18
24
18
42
42
42
42
42
42
42
42
3C
00
00
00
00
ENDCHAR
STARTCHAR uring
ENCODING 367
SWIDTH 500 0
DWIDTH 8 0
BBX 8 16 0 -4
BITMAP
00
00
18
24
18
42
42
42
42
42
42
3E
00
00
00
00
ENDCHAR
STARTCHAR Uhungarumlaut
ENCODING 368
SWIDTH 500 0
DWIDTH 8 0
BBX 8 16 0 -4
BITMAP
12
24
00
42
42
42
42
42
42
42
42
3C
00
00
00
00
ENDCHAR
STARTCHAR uhungarumlaut
ENCODING 369
SWIDTH 500 0
DWIDTH 8 0
BBX 8 16 0 -4
BITMAP
00
00
12
24
00
42
42
42
42
42
42
3E
00
00
00
00
ENDCHAR
STARTCHAR Uogonek
ENCODING 370
SWIDTH 500 0
DWIDTH 8 0
BBX 8 16 0 -4
BITMAP
00
00
42
42
42
42
42
42
42
42
42
3C
08
10
0C
00
ENDCHAR
STARTCHAR uogonek
ENCODING 371
SWIDTH 500 0
DWIDTH 8 0
BBX 8 16 0 -4
BITMAP
00
00
00
00
00
42
42
42
42
42
42
3E
08
10
0C
00
ENDCHAR
STARTCHAR Wcircumflex
ENCODING 372
SWIDTH 500 0
DWIDTH 8 0
BBX 8 16 0 -4
BITMAP
18
24
00
42
42
42
42
42
42
5A
66
42
00
00
00
00
ENDCHAR
STARTCHAR wcircumflex
ENCODING 373
SWIDTH 500 0
DWIDTH 8 0
BBX 8 16 0 -4
BITMAP
00
00
18
24
00
42
42
42
42
5A
66
24
00
00
00
00
ENDCHAR
STARTCHAR Ydieresis
ENCODING 376
SWIDTH 500 0
DWIDTH 8 0
BBX 8 16 0 -4
BITMAP
28
28
00
44
44
28
28
10
10
10
10
10
00
00
00
00
ENDCHAR
STARTCHAR Zacute
ENCODING 377
SWIDTH 500 0
DWIDTH 8 0
BBX 8 16 0 -4
BITMAP
04
08
00
7E
02
04
08
10
20
40
40
7E
00
00
00
00
ENDCHAR
STARTCHAR zacute
ENCODING 378
SWIDTH 500 0
DWIDTH 8 0
BBX 8 16 0 -4
BITMAP
00
00
04
08
00
7E
04
08
10
20
40
7E
00
00
00
00
ENDCHAR
STARTCHAR Zdotaccent
ENCODING 379
SWIDTH 500 0
DWIDTH 8 0
BBX 8 16 0 -4
BITMAP
08
08
00
7E
02
04
08
10
20
40
40
7E
00
00
00
00
ENDCHAR
STARTCHAR zdotaccent
ENCODING 380
SWIDTH 500 0
DWIDTH 8 0
BBX 8 16 0 -4
BITMAP
00
00
08
08
00
7E
04
08
10
20
40
7E
00
00
00
00
ENDCHAR
STARTCHAR Zcaron
ENCODING 381
SWIDTH 500 0
DWIDTH 8 0
BBX 8 16 0 -4
BITMAP
24
18
00
7E
02
04
08
10
20
40
40
7E
00
00
00
00
ENDCHAR
STARTCHAR zcaron
ENCODING 382
SWIDTH 500 0
DWIDTH 8 0
BBX 8 16 0 -4
BITMAP
00
00
24
18
00
7E
04
08
10
20
40
7E
00
00
00
00
ENDCHAR
STARTCHAR Schwa
ENCODING 399
SWIDTH 500 0
DWIDTH 8 0
BBX 8 16 0 -4
BITMAP
00
00
3C
42
02
02
7E
42
42
42
42
3C
00
00
00
00
ENDCHAR
STARTCHAR florin
ENCODING 402
SWIDTH 500 0
DWIDTH 8 0
BBX 8 16 0 -4
BITMAP
00
00
0C
12
10
10
7C
10
10
10
10
10
10
90
60
00
ENDCHAR
STARTCHAR Ezh
ENCODING 439
SWIDTH 500 0
DWIDTH 8 0
BBX 8 16 0 -4
BITMAP
00
00
7E
02
04
08
1C
02
02
42
42
3C
00
00
00
00
ENDCHAR
STARTCHAR Scommaaccent
ENCODING 536
SWIDTH 500 0
DWIDTH 8 0
BBX 8 16 0 -4
BITMAP
00
00
3C
42
40
40
3C
02
02
42
42
3C
00
10
10
20
ENDCHAR
STARTCHAR scommaaccent
ENCODING 537
SWIDTH 500 0
DWIDTH 8 0
BBX 8 16 0 -4
BITMAP
00
00
00
00
00
3E
40
40
3C
02
02
7C
00
10
10
20
ENDCHAR
STARTCHAR Tcommaaccent
ENCODING 538
SWIDTH 500 0
DWIDTH 8 0
BBX 8 16 0 -4
BITMAP
00
00
7E
10
10
10
10
10
10
10
10
10
00
10
10
20
ENDCHAR
STARTCHAR tcommaaccent
ENCODING 539
SWIDTH 500 0
DWIDTH 8 0
BBX 8 16 0 -4
BITMAP
00
00
10
10
10
7E
10
10
10
10
10
0E
00
04
04
08
ENDCHAR
STARTCHAR uni0232
ENCODING 562
SWIDTH 500 0
DWIDTH 8 0
BBX 8 16 0 -4
BITMAP
7C
00
44
44
28
28
10
10
10
10
10
10
00
00
00
00
ENDCHAR
STARTCHAR uni0233
ENCODING 563
SWIDTH 500 0
DWIDTH 8 0
BBX 8 16 0 -4
BITMAP
00
00
00
3C
00
42
42
42
42
42
42
3E
02
02
3C
00
ENDCHAR
STARTCHAR uni0237
ENCODING 567
SWIDTH 500 0
DWIDTH 8 0
BBX 8 16 0 -4
BITMAP
00
00
00
00
00
0C
04
04
04
04
04
04
04
04
78
00
ENDCHAR
STARTCHAR schwa
ENCODING 601
SWIDTH 500 0
DWIDTH 8 0
BBX 8 16 0 -4
BITMAP
00
00
00
00
00
3C
02
02
7E
42
42
3C
00
00
00
00
ENDCHAR
STARTCHAR ezh
ENCODING 658
SWIDTH 500 0
DWIDTH 8 0
BBX 8 16 0 -4
BITMAP
00
00
00
00
00
7E
02
04
08
1C
02
02
42
42
3C
00
ENDCHAR
STARTCHAR commaturnedmod
ENCODING 699
SWIDTH 500 0
DWIDTH 8 0
BBX 8 16 0 -4
BITMAP
08
10
10
00
00
00
00
00
00
00
00
00
00
00
00
00
ENDCHAR
STARTCHAR circumflex
ENCODING 710
SWIDTH 500 0
DWIDTH 8 0
BBX 8 16 0 -4
BITMAP
18
24
00
00
00
00
00
00
00
00
00
00
00
00
00
00
ENDCHAR
STARTCHAR caron
ENCODING 711
SWIDTH 500 0
DWIDTH 8 0
BBX 8 16 0 -4
BITMAP
24
18
00
00
00
00
00
00
00
00
00
00
00
00
00
00
ENDCHAR
STARTCHAR breve
ENCODING 728
SWIDTH 500 0
DWIDTH 8 0
BBX 8 16 0 -4
BITMAP
24
18
00
00
00
00
00
00
00
00
00
00
00
00
00
00
ENDCHAR
STARTCHAR dotaccent
ENCODING 729
SWIDTH 500 0
DWIDTH 8 0
BBX 8 16 0 -4
BITMAP
10
10
00
00
00
00
00
00
00
00
00
00
00
00
00
00
ENDCHAR
STARTCHAR ogonek
ENCODING 731
SWIDTH 500 0
DWIDTH 8 0
BBX 8 16 0 -4
BITMAP
00
00
00
00
00
00
00
00
00
00
00
00
08
10
0C
00
ENDCHAR
STARTCHAR tilde
ENCODING 732
SWIDTH 500 0
DWIDTH 8 0
BBX 8 16 0 -4
BITMAP
32
4C
00
00
00
00
00
00
00
00
00
00
00
00
00
00
ENDCHAR
STARTCHAR hungarumlaut
ENCODING 733
SWIDTH 500 0
DWIDTH 8 0
BBX 8 16 0 -4
BITMAP
12
24
00
00
00
00
00
00
00
00
00
00
00
00
00
00
ENDCHAR
STARTCHAR gravecmb
ENCODING 768
SWIDTH 500 0
DWIDTH 8 0
BBX 8 16 0 -4
BITMAP
10
08
00
00
00
00
00
00
00
00
00
00
00
00
00
00
ENDCHAR
STARTCHAR acutecmb
ENCODING 769
SWIDTH 500 0
DWIDTH 8 0
BBX 8 16 0 -4
BITMAP
08
10
00
00
00
00
00
00
00
00
00
00
00
00
00
00
ENDCHAR
STARTCHAR Gamma
ENCODING 915
SWIDTH 500 0
DWIDTH 8 0
BBX 8 16 0 -4
BITMAP
00
00
7E
42
42
40
40
40
40
40
40
40
00
00
00
00
ENDCHAR
STARTCHAR Deltagreek
ENCODING 916
SWIDTH 500 0
DWIDTH 8 0
BBX 8 16 0 -4
BITMAP
00
00
10
10
28
28
44
44
82
82
82
FE
00
00
00
00
ENDCHAR
STARTCHAR Theta
ENCODING 920
SWIDTH 500 0
DWIDTH 8 0
BBX 8 16 0 -4
BITMAP
00
00
18
24
42
42
7E
42
42
42
24
18
00
00
00
00
ENDCHAR
STARTCHAR Sigma
ENCODING 931
SWIDTH 500 0
DWIDTH 8 0
BBX 8 16 0 -4
BITMAP
00
00
7E
40
20
10
08
08
10
20
40
7E
00
00
00
00
ENDCHAR
STARTCHAR Phi
ENCODING 934
SWIDTH 500 0
DWIDTH 8 0
BBX 8 16 0 -4
BITMAP
00
00
7C
10
7C
92
92
92
92
7C
10
7C
00
00
00
00
ENDCHAR
STARTCHAR Omegagreek
ENCODING 937
SWIDTH 500 0
DWIDTH 8 0
BBX 8 16 0 -4
BITMAP
00
00
3C
42
42
42
42
42
24
24
24
66
00
00
00
00
ENDCHAR
STARTCHAR alpha
ENCODING 945
SWIDTH 500 0
DWIDTH 8 0
BBX 8 16 0 -4
BITMAP
00
00
00
00
00
3A
46
44
44
44
46
3A
00
00
00
00
ENDCHAR
STARTCHAR beta
ENCODING 946
SWIDTH 500 0
DWIDTH 8 0
BBX 8 16 0 -4
BITMAP
00
00
00
38
44
44
48
7C
42
42
42
7C
40
40
40
00
ENDCHAR
STARTCHAR delta
ENCODING 948
SWIDTH 500 0
DWIDTH 8 0
BBX 8 16 0 -4
BITMAP
00
00
3E
10
08
3C
42
42
42
42
42
3C
00
00
00
00
ENDCHAR
STARTCHAR mugreek
ENCODING 956
SWIDTH 500 0
DWIDTH 8 0
BBX 8 16 0 -4
BITMAP
00
00
00
00
00
42
42
42
42
42
46
7A
40
40
40
00
ENDCHAR
STARTCHAR pi
ENCODING 960
SWIDTH 500 0
DWIDTH 8 0
BBX 8 16 0 -4
BITMAP
00
00
00
00
00
FE
44
44
44
44
44
44
00
00
00
00
ENDCHAR
STARTCHAR sigma
ENCODING 963
SWIDTH 500 0
DWIDTH 8 0
BBX 8 16 0 -4
BITMAP
00
00
00
00
00
3E
44
44
44
44
44
38
00
00
00
00
ENDCHAR
STARTCHAR tau
ENCODING 964
SWIDTH 500 0
DWIDTH 8 0
BBX 8 16 0 -4
BITMAP
00
00
00
00
02
64
98
10
10
10
10
10
00
00
00
00
ENDCHAR
STARTCHAR uni0400
ENCODING 1024
SWIDTH 500 0
DWIDTH 8 0
BBX 8 16 0 -4
BITMAP
20
10
00
7E
40
40
40
78
40
40
40
7E
00
00
00
00
ENDCHAR
STARTCHAR Iocyrillic
ENCODING 1025
SWIDTH 500 0
DWIDTH 8 0
BBX 8 16 0 -4
BITMAP
24
24
00
7E
40
40
40
78
40
40
40
7E
00
00
00
00
ENDCHAR
STARTCHAR Djecyrillic
ENCODING 1026
SWIDTH 500 0
DWIDTH 8 0
BBX 8 16 0 -4
BITMAP
00
00
F8
20
20
3C
22
22
22
22
22
22
02
04
00
00
ENDCHAR
STARTCHAR Gjecyrillic
ENCODING 1027
SWIDTH 500 0
DWIDTH 8 0
BBX 8 16 0 -4
BITMAP
08
10
00
7E
40
40
40
40
40
40
40
40
00
00
00
00
ENDCHAR
STARTCHAR Ecyrillic
ENCODING 1028
SWIDTH 500 0
DWIDTH 8 0
BBX 8 16 0 -4
BITMAP
00
00
3C
42
40
40
78
40
40
40
42
3C
00
00
00
00
ENDCHAR
STARTCHAR Dzecyrillic
ENCODING 1029
SWIDTH 500 0
DWIDTH 8 0
BBX 8 16 0 -4
BITMAP
00
00
3C
42
40
40
3C
02
02
42
42
3C
00
00
00
00
ENDCHAR
STARTCHAR Icyrillic
ENCODING 1030
SWIDTH 500 0
DWIDTH 8 0
BBX 8 16 0 -4
BITMAP
00
00
7E
10
10
10
10
10
10
10
10
7E
00
00
00
00
ENDCHAR
STARTCHAR Yicyrillic
ENCODING 1031
SWIDTH 500 0
DWIDTH 8 0
BBX 8 16 0 -4
BITMAP
24
24
00
7E
10
10
10
10
10
10
10
7E
00
00
00
00
ENDCHAR
STARTCHAR Jecyrillic
ENCODING 1032
SWIDTH 500 0
DWIDTH 8 0
BBX 8 16 0 -4
BITMAP
00
00
0E
04
04
04
04
04
04
04
04
78
00
00
00
00
ENDCHAR
STARTCHAR Ljecyrillic
ENCODING 1033
SWIDTH 500 0
DWIDTH 8 0
BBX 8 16 0 -4
BITMAP
00
00
30
50
90
9C
92
92
92
92
92
9C
00
00
00
00
ENDCHAR
STARTCHAR Njecyrillic
ENCODING 1034
SWIDTH 500 0
DWIDTH 8 0
BBX 8 16 0 -4
BITMAP
00
00
90
90
90
9C
F2
92
92
92
92
9C
00
00
00
00
ENDCHAR
STARTCHAR Tshecyrillic
ENCODING 1035
SWIDTH 500 0
DWIDTH 8 0
BBX 8 16 0 -4
BITMAP
00
00
F8
20
20
3C
22
22
22
22
22
22
00
00
00
00
ENDCHAR
STARTCHAR Kjecyrillic
ENCODING 1036
SWIDTH 500 0
DWIDTH 8 0
BBX 8 16 0 -4
BITMAP
08
10
42
44
48
50
60
60
50
48
44
42
00
00
00
00
ENDCHAR
STARTCHAR uni040D
ENCODING 1037
SWIDTH 500 0
DWIDTH 8 0
BBX 8 16 0 -4
BITMAP
10
08
42
42
42
46
4A
52
62
42
42
42
00
00
00
00
ENDCHAR
STARTCHAR Ushortcyrillic
ENCODING 1038
SWIDTH 500 0
DWIDTH 8 0
BBX 8 16 0 -4
BITMAP
24
18
42
42
42
42
42
3E
02
02
02
3C
00
00
00
00
ENDCHAR
STARTCHAR Dzhecyrillic
ENCODING 1039
SWIDTH 500 0
DWIDTH 8 0
BBX 8 16 0 -4
BITMAP
00
00
42
42
42
42
42
42
42
42
42
7E
18
18
00
00
ENDCHAR
STARTCHAR Acyrillic
ENCODING 1040
SWIDTH 500 0
DWIDTH 8 0
BBX 8 16 0 -4
BITMAP
00
00
3C
42
42
42
42
7E
42
42
42
42
00
00
00
00
ENDCHAR
STARTCHAR Becyrillic
ENCODING 1041
SWIDTH 500 0
DWIDTH 8 0
BBX 8 16 0 -4
BITMAP
00
00
7C
40
40
7C
42
42
42
42
42
7C
00
00
00
00
ENDCHAR
STARTCHAR Vecyrillic
ENCODING 1042
SWIDTH 500 0
DWIDTH 8 0
BBX 8 16 0 -4
BITMAP
00
00
7C
42
42
42
7C
42
42
42
42
7C
00
00
00
00
ENDCHAR
STARTCHAR Gecyrillic
ENCODING 1043
SWIDTH 500 0
DWIDTH 8 0
BBX 8 16 0 -4
BITMAP
00
00
7E
40
40
40
40
40
40
40
40
40
00
00
00
00
ENDCHAR
STARTCHAR Decyrillic
ENCODING 1044
SWIDTH 500 0
DWIDTH 8 0
BBX 8 16 0 -4
BITMAP
00
00
3C
44
44
44
44
44
44
44
44
FE
82
00
00
00
ENDCHAR
STARTCHAR Iecyrillic
ENCODING 1045
SWIDTH 500 0
DWIDTH 8 0
BBX 8 16 0 -4
BITMAP
00
00
7E
40
40
40
78
40
40
40
40
7E
00
00
00
00
ENDCHAR
STARTCHAR Zhecyrillic
ENCODING 1046
SWIDTH 500 0
DWIDTH 8 0
BBX 8 16 0 -4
BITMAP
00
00
92
92
92
54
38
54
92
92
92
92
00
00
00
00
ENDCHAR
STARTCHAR Zecyrillic
ENCODING 1047
SWIDTH 500 0
DWIDTH 8 0
BBX 8 16 0 -4
BITMAP
00
00
3C
42
42
02
1C
02
02
42
42
3C
00
00
00
00
ENDCHAR
STARTCHAR Iicyrillic
ENCODING 1048
SWIDTH 500 0
DWIDTH 8 0
BBX 8 16 0 -4
BITMAP
00
00
42
42
42
46
4A
52
62
42
42
42
00
00
00
00
ENDCHAR
STARTCHAR afii10027
ENCODING 1049
SWIDTH 500 0
DWIDTH 8 0
BBX 8 16 0 -4
BITMAP
24
18
42
42
42
46
4A
52
62
42
42
42
00
00
00
00
ENDCHAR
STARTCHAR Kacyrillic
ENCODING 1050
SWIDTH 500 0
DWIDTH 8 0
BBX 8 16 0 -4
BITMAP
00
00
42
44
48
50
60
60
50
48
44
42
00
00
00
00
ENDCHAR
STARTCHAR Elcyrillic
ENCODING 1051
SWIDTH 500 0
DWIDTH 8 0
BBX 8 16 0 -4
BITMAP
00
00
0E
12
22
22
22
22
22
22
22
42
00
00
00
00
ENDCHAR
STARTCHAR Emcyrillic
ENCODING 1052
SWIDTH 500 0
DWIDTH 8 0
BBX 8 16 0 -4
BITMAP
00
00
82
C6
AA
92
82
82
82
82
82
82
00
00
00
00
ENDCHAR
STARTCHAR Encyrillic
ENCODING 1053
SWIDTH 500 0
DWIDTH 8 0
BBX 8 16 0 -4
BITMAP
00
00
42
42
42
42
7E
42
42
42
42
42
00
00
00
00
ENDCHAR
STARTCHAR Ocyrillic
ENCODING 1054
SWIDTH 500 0
DWIDTH 8 0
BBX 8 16 0 -4
BITMAP
00
00
3C
42
42
42
42
42
42
42
42
3C
00
00
00
00
ENDCHAR
STARTCHAR Pecyrillic
ENCODING 1055
SWIDTH 500 0
DWIDTH 8 0
BBX 8 16 0 -4
BITMAP
00
00
7E
42
42
42
42
42
42
42
42
42
00
00
00
00
ENDCHAR
STARTCHAR Ercyrillic
ENCODING 1056
SWIDTH 500 0
DWIDTH 8 0
BBX 8 16 0 -4
BITMAP
00
00
7C
42
42
42
42
7C
40
40
40
40
00
00
00
00
ENDCHAR
STARTCHAR Escyrillic
ENCODING 1057
SWIDTH 500 0
DWIDTH 8 0
BBX 8 16 0 -4
BITMAP
00
00
3C
42
42
40
40
40
40
42
42
3C
00
00
00
00
ENDCHAR
STARTCHAR Tecyrillic
ENCODING 1058
SWIDTH 500 0
DWIDTH 8 0
BBX 8 16 0 -4
BITMAP
00
00
7E
10
10
10
10
10
10
10
10
10
00
00
00
00
ENDCHAR
STARTCHAR Ucyrillic
ENCODING 1059
SWIDTH 500 0
DWIDTH 8 0
BBX 8 16 0 -4
BITMAP
00
00
42
42
42
42
42
3E
02
02
02
3C
00
00
00
00
ENDCHAR
STARTCHAR Efcyrillic
ENCODING 1060
SWIDTH 500 0
DWIDTH 8 0
BBX 8 16 0 -4
BITMAP
00
10
7C
92
92
92
92
92
92
92
92
7C
10
00
00
00
ENDCHAR
STARTCHAR Khacyrillic
ENCODING 1061
SWIDTH 500 0
DWIDTH 8 0
BBX 8 16 0 -4
BITMAP
00
00
42
42
24
24
18
18
24
24
42
42
00
00
00
00
ENDCHAR
STARTCHAR Tsecyrillic
ENCODING 1062
SWIDTH 500 0
DWIDTH 8 0
BBX 8 16 0 -4
BITMAP
00
00
42
42
42
42
42
42
42
42
42
3F
01
01
00
00
ENDCHAR
STARTCHAR Checyrillic
ENCODING 1063
SWIDTH 500 0
DWIDTH 8 0
BBX 8 16 0 -4
BITMAP
00
00
42
42
42
42
42
3E
02
02
02
02
00
00
00
00
ENDCHAR
STARTCHAR Shacyrillic
ENCODING 1064
SWIDTH 500 0
DWIDTH 8 0
BBX 8 16 0 -4
BITMAP
00
00
92
92
92
92
92
92
92
92
92
7E
00
00
00
00
ENDCHAR
STARTCHAR Shchacyrillic
ENCODING 1065
SWIDTH 500 0
DWIDTH 8 0
BBX 8 16 0 -4
BITMAP
00
00
92
92
92
92
92
92
92
92
92
7F
01
01
00
00
ENDCHAR
STARTCHAR afii10044
ENCODING 1066
SWIDTH 500 0
DWIDTH 8 0
BBX 8 16 0 -4
BITMAP
00
00
C0
40
40
7C
42
42
42
42
42
7C
00
00
00
00
ENDCHAR
STARTCHAR Yericyrillic
ENCODING 1067
SWIDTH 500 0
DWIDTH 8 0
BBX 8 16 0 -4
BITMAP
00
00
82
82
82
F2
8A
8A
8A
8A
8A
F2
00
00
00
00
ENDCHAR
STARTCHAR afii10046
ENCODING 1068
SWIDTH 500 0
DWIDTH 8 0
BBX 8 16 0 -4
BITMAP
00
00
40
40
40
7C
42
42
42
42
42
7C
00
00
00
00
ENDCHAR
STARTCHAR afii10047
ENCODING 1069
SWIDTH 500 0
DWIDTH 8 0
BBX 8 16 0 -4
BITMAP
00
00
3C
42
02
02
1E
02
02
02
42
3C
00
00
00
00
ENDCHAR
STARTCHAR IUcyrillic
ENCODING 1070
SWIDTH 500 0
DWIDTH 8 0
BBX 8 16 0 -4
BITMAP
00
00
8C
92
92
92
92
F2
92
92
92
8C
00
00
00
00
ENDCHAR
STARTCHAR IAcyrillic
ENCODING 1071
SWIDTH 500 0
DWIDTH 8 0
BBX 8 16 0 -4
BITMAP
00
00
3E
42
42
42
42
3E
0A
12
22
42
00
00
00
00
ENDCHAR
STARTCHAR acyrillic
ENCODING 1072
SWIDTH 500 0
DWIDTH 8 0
BBX 8 16 0 -4
BITMAP
00
00
00
00
00
3C
02
3E
42
42
42
3E
00
00
00
00
ENDCHAR
STARTCHAR becyrillic
ENCODING 1073
SWIDTH 500 0
DWIDTH 8 0
BBX 8 16 0 -4
BITMAP
00
00
3C
40
40
7C
42
42
42
42
42
7C
00
00
00
00
ENDCHAR
STARTCHAR vecyrillic
ENCODING 1074
SWIDTH 500 0
DWIDTH 8 0
BBX 8 16 0 -4
BITMAP
00
00
38
44
44
48
7C
42
42
42
42
7C
00
00
00
00
ENDCHAR
STARTCHAR gecyrillic
ENCODING 1075
SWIDTH 500 0
DWIDTH 8 0
BBX 8 16 0 -4
BITMAP
00
00
00
00
00
3C
02
02
3C
40
40
3C
00
00
00
00
ENDCHAR
STARTCHAR decyrillic
ENCODING 1076
SWIDTH 500 0
DWIDTH 8 0
BBX 8 16 0 -4
BITMAP
00
00
00
00
00
3E
42
42
42
42
42
3E
02
02
3C
00
ENDCHAR
STARTCHAR iecyrillic
ENCODING 1077
SWIDTH 500 0
DWIDTH 8 0
BBX 8 16 0 -4
BITMAP
00
00
00
00
00
3C
42
42
7E
40
40
3C
00
00
00
00
ENDCHAR
STARTCHAR zhecyrillic
ENCODING 1078
SWIDTH 500 0
DWIDTH 8 0
BBX 8 16 0 -4
BITMAP
00
00
00
00
00
92
92
54
38
54
92
92
00
00
00
00
ENDCHAR
STARTCHAR zecyrillic
ENCODING 1079
SWIDTH 500 0
DWIDTH 8 0
BBX 8 16 0 -4
BITMAP
00
00
00
00
00
3C
42
02
1C
02
42
3C
00
00
00
00
ENDCHAR
STARTCHAR iicyrillic
ENCODING 1080
SWIDTH 500 0
DWIDTH 8 0
BBX 8 16 0 -4
BITMAP
00
00
00
00
00
42
42
42
42
42
42
3E
00
00
00
00
ENDCHAR
STARTCHAR afii10075
ENCODING 1081
SWIDTH 500 0
DWIDTH 8 0
BBX 8 16 0 -4
BITMAP
00
00
24
18
00
42
42
42
42
42
42
3E
00
00
00
00
ENDCHAR
STARTCHAR kacyrillic
ENCODING 1082
SWIDTH 500 0
DWIDTH 8 0
BBX 8 16 0 -4
BITMAP
00
00
00
00
00
42
44
48
70
48
44
42
00
00
00
00
ENDCHAR
STARTCHAR elcyrillic
ENCODING 1083
SWIDTH 500 0
DWIDTH 8 0
BBX 8 16 0 -4
BITMAP
00
00
00
00
00
1E
22
22
22
22
22
42
00
00
00
00
ENDCHAR
STARTCHAR emcyrillic
ENCODING 1084
SWIDTH 500 0
DWIDTH 8 0
BBX 8 16 0 -4
BITMAP
00
00
00
00
00
82
C6
AA
92
82
82
82
00
00
00
00
ENDCHAR
STARTCHAR encyrillic
ENCODING 1085
SWIDTH 500 0
DWIDTH 8 0
BBX 8 16 0 -4
BITMAP
00
00
00
00
00
42
42
42
7E
42
42
42
00
00
00
00
ENDCHAR
STARTCHAR ocyrillic
ENCODING 1086
SWIDTH 500 0
DWIDTH 8 0
BBX 8 16 0 -4
BITMAP
00
00
00
00
00
3C
42
42
42
42
42
3C
00
00
00
00
ENDCHAR
STARTCHAR pecyrillic
ENCODING 1087
SWIDTH 500 0
DWIDTH 8 0
BBX 8 16 0 -4
BITMAP
00
00
00
00
00
7E
42
42
42
42
42
42
00
00
00
00
ENDCHAR
STARTCHAR ercyrillic
ENCODING 1088
SWIDTH 500 0
DWIDTH 8 0
BBX 8 16 0 -4
BITMAP
00
00
00
00
00
7C
42
42
42
42
42
7C
40
40
40
00
ENDCHAR
STARTCHAR escyrillic
ENCODING 1089
SWIDTH 500 0
DWIDTH 8 0
BBX 8 16 0 -4
BITMAP
00
00
00
00
00
3C
42
40
40
40
42
3C
00
00
00
00
ENDCHAR
STARTCHAR tecyrillic
ENCODING 1090
SWIDTH 500 0
DWIDTH 8 0
BBX 8 16 0 -4
BITMAP
00
00
00
00
00
7E
10
10
10
10
10
10
00
00
00
00
ENDCHAR
STARTCHAR ucyrillic
ENCODING 1091
SWIDTH 500 0
DWIDTH 8 0
BBX 8 16 0 -4
BITMAP
00
00
00
00
00
42
42
42
42
42
42
3E
02
02
3C
00
ENDCHAR
STARTCHAR efcyrillic
ENCODING 1092
SWIDTH 500 0
DWIDTH 8 0
BBX 8 16 0 -4
BITMAP
00
00
00
00
10
7C
92
92
92
92
92
7C
10
00
00
00
ENDCHAR
STARTCHAR khacyrillic
ENCODING 1093
SWIDTH 500 0
DWIDTH 8 0
BBX 8 16 0 -4
BITMAP
00
00
00
00
00
42
42
24
18
24
42
42
00
00
00
00
ENDCHAR
STARTCHAR tsecyrillic
ENCODING 1094
SWIDTH 500 0
DWIDTH 8 0
BBX 8 16 0 -4
BITMAP
00
00
00
00
00
42
42
42
42
42
42
3F
01
01
00
00
ENDCHAR
STARTCHAR checyrillic
ENCODING 1095
SWIDTH 500 0
DWIDTH 8 0
BBX 8 16 0 -4
BITMAP
00
00
00
00
00
42
42
42
3E
02
02
02
00
00
00
00
ENDCHAR
STARTCHAR shacyrillic
ENCODING 1096
SWIDTH 500 0
DWIDTH 8 0
BBX 8 16 0 -4
BITMAP
00
00
00
00
00
92
92
92
92
92
92
7E
00
00
00
00
ENDCHAR
STARTCHAR shchacyrillic
ENCODING 1097
SWIDTH 500 0
DWIDTH 8 0
BBX 8 16 0 -4
BITMAP
00
00
00
00
00
92
92
92
92
92
92
7F
01
01
00
00
ENDCHAR
STARTCHAR afii10092
ENCODING 1098
SWIDTH 500 0
DWIDTH 8 0
BBX 8 16 0 -4
BITMAP
00
00
00
00
00
60
20
3C
22
22
22
3C
00
00
00
00
ENDCHAR
STARTCHAR yericyrillic
ENCODING 1099
SWIDTH 500 0
DWIDTH 8 0
BBX 8 16 0 -4
BITMAP
00
00
00
00
00
82
82
F2
8A
8A
8A
F2
00
00
00
00
ENDCHAR
STARTCHAR afii10094
ENCODING 1100
SWIDTH 500 0
DWIDTH 8 0
BBX 8 16 0 -4
BITMAP
00
00
00
00
00
40
40
78
44
44
44
78
00
00
00
00
ENDCHAR
STARTCHAR afii10095
ENCODING 1101
SWIDTH 500 0
DWIDTH 8 0
BBX 8 16 0 -4
BITMAP
00
00
00
00
00
3C
42
02
1E
02
42
3C
00
00
00
00
ENDCHAR
STARTCHAR iucyrillic
ENCODING 1102
SWIDTH 500 0
DWIDTH 8 0
BBX 8 16 0 -4
BITMAP
00
00
00
00
00
8C
92
92
F2
92
92
8C
00
00
00
00
ENDCHAR
STARTCHAR iacyrillic
ENCODING 1103
SWIDTH 500 0
DWIDTH 8 0
BBX 8 16 0 -4
BITMAP
00
00
00
00
00
3E
42
42
3E
12
22
42
00
00
00
00
ENDCHAR
STARTCHAR uni0450
ENCODING 1104
SWIDTH 500 0
DWIDTH 8 0
BBX 8 16 0 -4
BITMAP
00
00
20
10
00
3C
42
42
7E
40
40
3C
00
00
00
00
ENDCHAR
STARTCHAR iocyrillic
ENCODING 1105
SWIDTH 500 0
DWIDTH 8 0
BBX 8 16 0 -4
BITMAP
00
00
24
24
00
3C
42
42
7E
40
40
3C
00
00
00
00
ENDCHAR
STARTCHAR djecyrillic
ENCODING 1106
SWIDTH 500 0
DWIDTH 8 0
BBX 8 16 0 -4
BITMAP
00
00
40
F8
40
7C
42
42
42
42
42
42
02
04
00
00
ENDCHAR
STARTCHAR gjecyrillic
ENCODING 1107
SWIDTH 500 0
DWIDTH 8 0
BBX 8 16 0 -4
BITMAP
00
00
08
10
00
3C
02
02
3C
40
40
3C
00
00
00
00
ENDCHAR
STARTCHAR ecyrillic
ENCODING 1108
SWIDTH 500 0
DWIDTH 8 0
BBX 8 16 0 -4
BITMAP
00
00
00
00
00
3C
42
40
78
40
42
3C
00
00
00
00
ENDCHAR
STARTCHAR dzecyrillic
ENCODING 1109
SWIDTH 500 0
DWIDTH 8 0
BBX 8 16 0 -4
BITMAP
00
00
00
00
00
3E
40
40
3C
02
02
7C
00
00
00
00
ENDCHAR
STARTCHAR icyrillic
ENCODING 1110
SWIDTH 500 0
DWIDTH 8 0
BBX 8 16 0 -4
BITMAP
00
00
10
10
00
70
10
10
10
10
10
7E
00
00
00
00
ENDCHAR
STARTCHAR yicyrillic
ENCODING 1111
SWIDTH 500 0
DWIDTH 8 0
BBX 8 16 0 -4
BITMAP
00
00
48
48
00
70
10
10
10
10
10
7E
00
00
00
00
ENDCHAR
STARTCHAR jecyrillic
ENCODING 1112
SWIDTH 500 0
DWIDTH 8 0
BBX 8 16 0 -4
BITMAP
00
00
04
04
00
0C
04
04
04
04
04
04
04
08
70
00
ENDCHAR
STARTCHAR ljecyrillic
ENCODING 1113
SWIDTH 500 0
DWIDTH 8 0
BBX 8 16 0 -4
BITMAP
00
00
00
00
00
70
90
9C
92
92
92
9C
00
00
00
00
ENDCHAR
STARTCHAR njecyrillic
ENCODING 1114
SWIDTH 500 0
DWIDTH 8 0
BBX 8 16 0 -4
BITMAP
00
00
00
00
00
90
90
9C
F2
92
92
9C
00
00
00
00
ENDCHAR
STARTCHAR tshecyrillic
ENCODING 1115
SWIDTH 500 0
DWIDTH 8 0
BBX 8 16 0 -4
BITMAP
00
00
40
F8
40
7C
42
42
42
42
42
42
00
00
00
00
ENDCHAR
STARTCHAR kjecyrillic
ENCODING 1116
SWIDTH 500 0
DWIDTH 8 0
BBX 8 16 0 -4
BITMAP
00
00
08
10
00
42
44
48
70
48
44
42
00
00
00
00
ENDCHAR
STARTCHAR uni045D
ENCODING 1117
SWIDTH 500 0
DWIDTH 8 0
BBX 8 16 0 -4
BITMAP
00
00
20
10
00
42
42
42
42
42
42
3E
00
00
00
00
ENDCHAR
STARTCHAR ushortcyrillic
ENCODING 1118
SWIDTH 500 0
DWIDTH 8 0
BBX 8 16 0 -4
BITMAP
00
00
24
18
00
42
42
42
42
42
42
3E
02
02
3C
00
ENDCHAR
STARTCHAR dzhecyrillic
ENCODING 1119
SWIDTH 500 0
DWIDTH 8 0
BBX 8 16 0 -4
BITMAP
00
00
00
00
00
42
42
42
42
42
42
7E
18
18
00
00
ENDCHAR
STARTCHAR afii10050
ENCODING 1168
SWIDTH 500 0
DWIDTH 8 0
BBX 8 16 0 -4
BITMAP
02
02
7E
40
40
40
40
40
40
40
40
40
00
00
00
00
ENDCHAR
STARTCHAR afii10098
ENCODING 1169
SWIDTH 500 0
DWIDTH 8 0
BBX 8 16 0 -4
BITMAP
00
00
00
20
20
3C
02
02
3C
40
40
3C
00
00
00
00
ENDCHAR
STARTCHAR uni0492
ENCODING 1170
SWIDTH 500 0
DWIDTH 8 0
BBX 8 16 0 -4
BITMAP
00
00
7E
40
40
40
40
F8
40
40
40
40
00
00
00
00
ENDCHAR
STARTCHAR uni0493
ENCODING 1171
SWIDTH 500 0
DWIDTH 8 0
BBX 8 16 0 -4
BITMAP
00
00
00
00
00
7E
40
40
F8
40
40
40
00
00
00
00
ENDCHAR
STARTCHAR uni0494
ENCODING 1172
SWIDTH 500 0
DWIDTH 8 0
BBX 8 16 0 -4
BITMAP
00
00
7E
40
40
40
40
7C
42
42
42
42
02
04
00
00
ENDCHAR
STARTCHAR uni0495
ENCODING 1173
SWIDTH 500 0
DWIDTH 8 0
BBX 8 16 0 -4
BITMAP
00
00
00
00
00
7E
40
40
78
44
44
44
04
08
00
00
ENDCHAR
STARTCHAR uni0496
ENCODING 1174
SWIDTH 500 0
DWIDTH 8 0
BBX 8 16 0 -4
BITMAP
00
00
92
92
92
54
38
54
92
92
92
93
01
01
00
00
ENDCHAR
STARTCHAR uni0497
ENCODING 1175
SWIDTH 500 0
DWIDTH 8 0
BBX 8 16 0 -4
BITMAP
00
00
00
00
00
92
92
54
38
54
92
93
01
01
00
00
ENDCHAR
STARTCHAR uni0498
ENCODING 1176
SWIDTH 500 0
DWIDTH 8 0
BBX 8 16 0 -4
BITMAP
00
00
3C
42
42
02
1C
02
02
42
42
3C
10
10
10
00
ENDCHAR
STARTCHAR uni0499
ENCODING 1177
SWIDTH 500 0
DWIDTH 8 0
BBX 8 16 0 -4
BITMAP
00
00
00
00
00
3C
42
02
1C
02
42
3C
10
10
10
00
ENDCHAR
STARTCHAR uni049A
ENCODING 1178
SWIDTH 500 0
DWIDTH 8 0
BBX 8 16 0 -4
BITMAP
00
00
42
44
48
50
60
60
50
48
44
43
01
01
00
00
ENDCHAR
STARTCHAR uni049B
ENCODING 1179
SWIDTH 500 0
DWIDTH 8 0
BBX 8 16 0 -4
BITMAP
00
00
00
00
00
42
44
48
70
48
44
43
01
01
00
00
ENDCHAR
STARTCHAR uni049C
ENCODING 1180
SWIDTH 500 0
DWIDTH 8 0
BBX 8 16 0 -4
BITMAP
00
00
42
42
54
58
70
70
58
54
42
42
00
00
00
00
ENDCHAR
STARTCHAR uni049D
ENCODING 1181
SWIDTH 500 0
DWIDTH 8 0
BBX 8 16 0 -4
BITMAP
00
00
00
00
00
42
54
58
70
58
54
42
00
00
00
00
ENDCHAR
STARTCHAR uni04A0
ENCODING 1184
SWIDTH 500 0
DWIDTH 8 0
BBX 8 16 0 -4
BITMAP
00
00
C2
44
48
50
60
60
50
48
44
42
00
00
00
00
ENDCHAR
STARTCHAR uni04A1
ENCODING 1185
SWIDTH 500 0
DWIDTH 8 0
BBX 8 16 0 -4
BITMAP
00
00
00
00
00
C2
44
48
70
48
44
42
00
00
00
00
ENDCHAR
STARTCHAR uni04A2
ENCODING 1186
SWIDTH 500 0
DWIDTH 8 0
BBX 8 16 0 -4
BITMAP
00
00
42
42
42
42
7E
42
42
42
42
43
01
01
00
00
ENDCHAR
STARTCHAR uni04A3
ENCODING 1187
SWIDTH 500 0
DWIDTH 8 0
BBX 8 16 0 -4
BITMAP
00
00
00
00
00
42
42
42
7E
42
42
43
01
01
00
00
ENDCHAR
STARTCHAR Enghecyrillic
ENCODING 1188
SWIDTH 500 0
DWIDTH 8 0
BBX 8 16 0 -4
BITMAP
00
00
8E
88
88
88
F8
88
88
88
88
88
00
00
00
00
ENDCHAR
STARTCHAR enghecyrillic
ENCODING 1189
SWIDTH 500 0
DWIDTH 8 0
BBX 8 16 0 -4
BITMAP
00
00
00
00
00
8E
88
88
F8
88
88
88
00
00
00
00
ENDCHAR
STARTCHAR uni04AA
ENCODING 1194
SWIDTH 500 0
DWIDTH 8 0
BBX 8 16 0 -4
BITMAP
00
00
3C
42
42
40
40
40
40
42
42
3C
10
10
10
00
ENDCHAR
STARTCHAR uni04AB
ENCODING 1195
SWIDTH 500 0
DWIDTH 8 0
BBX 8 16 0 -4
BITMAP
00
00
00
00
00
3C
42
40
40
40
42
3C
10
10
10
00
ENDCHAR
STARTCHAR uni04AE
ENCODING 1198
SWIDTH 500 0
DWIDTH 8 0
BBX 8 16 0 -4
BITMAP
00
00
82
82
44
44
28
10
10
10
10
10
00
00
00
00
ENDCHAR
STARTCHAR uni04AF
ENCODING 1199
SWIDTH 500 0
DWIDTH 8 0
BBX 8 16 0 -4
BITMAP
00
00
00
00
00
82
82
44
44
28
10
10
10
10
00
00
ENDCHAR
STARTCHAR uni04B0
ENCODING 1200
SWIDTH 500 0
DWIDTH 8 0
BBX 8 16 0 -4
BITMAP
00
00
82
82
44
44
28
10
7C
10
10
10
00
00
00
00
ENDCHAR
STARTCHAR uni04B1
ENCODING 1201
SWIDTH 500 0
DWIDTH 8 0
BBX 8 16 0 -4
BITMAP
00
00
00
00
00
82
82
44
44
28
10
7C
10
10
00
00
ENDCHAR
STARTCHAR uni04B2
ENCODING 1202
SWIDTH 500 0
DWIDTH 8 0
BBX 8 16 0 -4
BITMAP
00
00
42
42
24
24
18
18
24
24
42
43
01
01
00
00
ENDCHAR
STARTCHAR uni04B3
ENCODING 1203
SWIDTH 500 0
DWIDTH 8 0
BBX 8 16 0 -4
BITMAP
00
00
00
00
00
42
42
24
18
24
42
43
01
01
00
00
ENDCHAR
STARTCHAR uni04B6
ENCODING 1206
SWIDTH 500 0
DWIDTH 8 0
BBX 8 16 0 -4
BITMAP
00
00
42
42
42
42
42
3E
02
02
02
03
01
01
00
00
ENDCHAR
STARTCHAR uni04B7
ENCODING 1207
SWIDTH 500 0
DWIDTH 8 0
BBX 8 16 0 -4
BITMAP
00
00
00
00
00
42
42
42
3E
02
02
03
01
01
00
00
ENDCHAR
STARTCHAR uni04B8
ENCODING 1208
SWIDTH 500 0
DWIDTH 8 0
BBX 8 16 0 -4
BITMAP
00
00
42
42
42
52
52
3E
12
12
02
02
00
00
00
00
ENDCHAR
STARTCHAR uni04B9
ENCODING 1209
SWIDTH 500 0
DWIDTH 8 0
BBX 8 16 0 -4
BITMAP
00
00
00
00
00
42
42
52
3E
12
02
02
00
00
00
00
ENDCHAR
STARTCHAR Shhacyrillic
ENCODING 1210
SWIDTH 500 0
DWIDTH 8 0
BBX 8 16 0 -4
BITMAP
00
00
40
40
40
40
7C
42
42
42
42
42
00
00
00
00
ENDCHAR
STARTCHAR shhacyrillic
ENCODING 1211
SWIDTH 500 0
DWIDTH 8 0
BBX 8 16 0 -4
BITMAP
00
00
00
00
00
40
40
7C
42
42
42
42
00
00
00
00
ENDCHAR
STARTCHAR Abrevecyrillic
ENCODING 1232
SWIDTH 500 0
DWIDTH 8 0
BBX 8 16 0 -4
BITMAP
24
18
00
3C
42
42
42
7E
42
42
42
42
00
00
00
00
ENDCHAR
STARTCHAR abrevecyrillic
ENCODING 1233
SWIDTH 500 0
DWIDTH 8 0
BBX 8 16 0 -4
BITMAP
00
00
24
18
00
3C
02
3E
42
42
42
3E
00
00
00
00
ENDCHAR
STARTCHAR uni04D2
ENCODING 1234
SWIDTH 500 0
DWIDTH 8 0
BBX 8 16 0 -4
BITMAP
24
24
00
3C
42
42
42
7E
42
42
42
42
00
00
00
00
ENDCHAR
STARTCHAR uni04D3
ENCODING 1235
SWIDTH 500 0
DWIDTH 8 0
BBX 8 16 0 -4
BITMAP
00
00
24
24
00
3C
02
3E
42
42
42
3E
00
00
00
00
ENDCHAR
STARTCHAR Aiecyrillic
ENCODING 1236
SWIDTH 500 0
DWIDTH 8 0
BBX 8 16 0 -4
BITMAP
00
00
7E
90
90
90
FC
90
90
90
90
9E
00
00
00
00
ENDCHAR
STARTCHAR aiecyrillic
ENCODING 1237
SWIDTH 500 0
DWIDTH 8 0
BBX 8 16 0 -4
BITMAP
00
00
00
00
00
6C
12
72
9E
90
90
6C
00
00
00
00
ENDCHAR
STARTCHAR uni04D6
ENCODING 1238
SWIDTH 500 0
DWIDTH 8 0
BBX 8 16 0 -4
BITMAP
24
18
00
7E
40
40
40
78
40
40
40
7E
00
00
00
00
ENDCHAR
STARTCHAR uni04D7
ENCODING 1239
SWIDTH 500 0
DWIDTH 8 0
BBX 8 16 0 -4
BITMAP
00
00
24
18
00
3C
42
42
7E
40
40
3C
00
00
00
00
ENDCHAR
STARTCHAR Schwacyrillic
ENCODING 1240
SWIDTH 500 0
DWIDTH 8 0
BBX 8 16 0 -4
BITMAP
00
00
3C
42
02
02
7E
42
42
42
42
3C
00
00
00
00
ENDCHAR
STARTCHAR schwacyrillic
ENCODING 1241
SWIDTH 500 0
DWIDTH 8 0
BBX 8 16 0 -4
BITMAP
00
00
00
00
00
3C
02
02
7E
42
42
3C
00
00
00
00
ENDCHAR
STARTCHAR uni04DA
ENCODING 1242
SWIDTH 500 0
DWIDTH 8 0
BBX 8 16 0 -4
BITMAP
24
24
00
3C
42
02
02
7E
42
42
42
3C
00
00
00
00
ENDCHAR
STARTCHAR uni04DB
ENCODING 1243
SWIDTH 500 0
DWIDTH 8 0
BBX 8 16 0 -4
BITMAP
00
00
24
24
00
3C
02
02
7E
42
42
3C
00
00
00
00
ENDCHAR
STARTCHAR uni04DC
ENCODING 1244
SWIDTH 500 0
DWIDTH 8 0
BBX 8 16 0 -4
BITMAP
44
44
00
92
92
92
54
38
54
92
92
92
00
00
00
00
ENDCHAR
STARTCHAR uni04DD
ENCODING 1245
SWIDTH 500 0
DWIDTH 8 0
BBX 8 16 0 -4
BITMAP
00
00
44
44
00
92
92
54
38
54
92
92
00
00
00
00
ENDCHAR
STARTCHAR uni04DE
ENCODING 1246
SWIDTH 500 0
DWIDTH 8 0
BBX 8 16 0 -4
BITMAP
24
24
00
3C
42
42
02
1C
02
42
42
3C
00
00
00
00
ENDCHAR
STARTCHAR uni04DF
ENCODING 1247
SWIDTH 500 0
DWIDTH 8 0
BBX 8 16 0 -4
BITMAP
00
00
24
24
00
3C
42
02
1C
02
42
3C
00
00
00
00
ENDCHAR
STARTCHAR uni04E2
ENCODING 1250
SWIDTH 500 0
DWIDTH 8 0
BBX 8 16 0 -4
BITMAP
3C
00
42
42
42
46
4A
52
62
42
42
42
00
00
00
00
ENDCHAR
STARTCHAR uni04E3
ENCODING 1251
SWIDTH 500 0
DWIDTH 8 0
BBX 8 16 0 -4
BITMAP
00
00
00
3C
00
42
42
42
42
42
42
3E
00
00
00
00
ENDCHAR
STARTCHAR uni04E4
ENCODING 1252
SWIDTH 500 0
DWIDTH 8 0
BBX 8 16 0 -4
BITMAP
24
24
00
42
42
42
46
4A
52
62
42
42
00
00
00
00
ENDCHAR
STARTCHAR uni04E5
ENCODING 1253
SWIDTH 500 0
DWIDTH 8 0
BBX 8 16 0 -4
BITMAP
00
00
24
24
00
42
42
42
42
42
42
3E
00
00
00
00
ENDCHAR
STARTCHAR uni04E6
ENCODING 1254
SWIDTH 500 0
DWIDTH 8 0
BBX 8 16 0 -4
BITMAP
24
24
00
3C
42
42
42
42
42
42
42
3C
00
00
00
00
ENDCHAR
STARTCHAR uni04E7
ENCODING 1255
SWIDTH 500 0
DWIDTH 8 0
BBX 8 16 0 -4
BITMAP
00
00
24
24
00
3C
42
42
42
42
42
3C
00
00
00
00
ENDCHAR
STARTCHAR uni04E8
ENCODING 1256
SWIDTH 500 0
DWIDTH 8 0
BBX 8 16 0 -4
BITMAP
00
00
3C
42
42
42
7E
42
42
42
42
3C
00
00
00
00
ENDCHAR
STARTCHAR uni04E9
ENCODING 1257
SWIDTH 500 0
DWIDTH 8 0
BBX 8 16 0 -4
BITMAP
00
00
00
00
00
3C
42
42
7E
42
42
3C
00
00
00
00
ENDCHAR
STARTCHAR uni04EA
ENCODING 1258
SWIDTH 500 0
DWIDTH 8 0
BBX 8 16 0 -4
BITMAP
24
24
00
3C
42
42
42
7E
42
42
42
3C
00
00
00
00
ENDCHAR
STARTCHAR uni04EB
ENCODING 1259
SWIDTH 500 0
DWIDTH 8 0
BBX 8 16 0 -4
BITMAP
00
00
24
24
00
3C
42
42
7E
42
42
3C
00
00
00
00
ENDCHAR
STARTCHAR uni04EC
ENCODING 1260
SWIDTH 500 0
DWIDTH 8 0
BBX 8 16 0 -4
BITMAP
24
24
00
3C
42
02
02
1E
02
02
42
3C
00
00
00
00
ENDCHAR
STARTCHAR uni04ED
ENCODING 1261
SWIDTH 500 0
DWIDTH 8 0
BBX 8 16 0 -4
BITMAP
00
00
24
24
00
3C
42
02
1E
02
42
3C
00
00
00
00
ENDCHAR
STARTCHAR uni04EE
ENCODING 1262
SWIDTH 500 0
DWIDTH 8 0
BBX 8 16 0 -4
BITMAP
3C
00
42
42
42
42
42
3E
02
02
02
3C
00
00
00
00
ENDCHAR
STARTCHAR uni04EF
ENCODING 1263
SWIDTH 500 0
DWIDTH 8 0
BBX 8 16 0 -4
BITMAP
00
00
00
3C
00
42
42
42
42
42
42
3E
02
02
3C
00
ENDCHAR
STARTCHAR uni04F0
ENCODING 1264
SWIDTH 500 0
DWIDTH 8 0
BBX 8 16 0 -4
BITMAP
24
24
00
42
42
42
42
3E
02
02
02
3C
00
00
00
00
ENDCHAR
STARTCHAR uni04F1
ENCODING 1265
SWIDTH 500 0
DWIDTH 8 0
BBX 8 16 0 -4
BITMAP
00
00
24
24
00
42
42
42
42
42
42
3E
02
02
3C
00
ENDCHAR
STARTCHAR uni04F2
ENCODING 1266
SWIDTH 500 0
DWIDTH 8 0
BBX 8 16 0 -4
BITMAP
12
24
00
42
42
42
42
3E
02
02
02
3C
00
00
00
00
ENDCHAR
STARTCHAR uni04F3
ENCODING 1267
SWIDTH 500 0
DWIDTH 8 0
BBX 8 16 0 -4
BITMAP
00
00
12
24
00
42
42
42
42
42
42
3E
02
02
3C
00
ENDCHAR
STARTCHAR uni04F4
ENCODING 1268
SWIDTH 500 0
DWIDTH 8 0
BBX 8 16 0 -4
BITMAP
24
24
00
42
42
42
42
3E
02
02
02
02
00
00
00
00
ENDCHAR
STARTCHAR uni04F5
ENCODING 1269
SWIDTH 500 0
DWIDTH 8 0
BBX 8 16 0 -4
BITMAP
00
00
24
24
00
42
42
42
3E
02
02
02
00
00
00
00
ENDCHAR
STARTCHAR uni04F8
ENCODING 1272
SWIDTH 500 0
DWIDTH 8 0
BBX 8 16 0 -4
BITMAP
48
48
00
82
82
82
F2
8A
8A
8A
8A
F2
00
00
00
00
ENDCHAR
STARTCHAR uni04F9
ENCODING 1273
SWIDTH 500 0
DWIDTH 8 0
BBX 8 16 0 -4
BITMAP
00
00
48
48
00
82
82
F2
8A
8A
8A
F2
00
00
00
00
ENDCHAR
STARTCHAR Klinebelow
ENCODING 7732
SWIDTH 500 0
DWIDTH 8 0
BBX 8 16 0 -4
BITMAP
00
00
42
44
48
50
60
60
50
48
44
42
00
3C
00
00
ENDCHAR
STARTCHAR klinebelow
ENCODING 7733
SWIDTH 500 0
DWIDTH 8 0
BBX 8 16 0 -4
BITMAP
00
00
40
40
40
42
44
48
70
48
44
42
00
3C
00
00
ENDCHAR
STARTCHAR Edotbelow
ENCODING 7864
SWIDTH 500 0
DWIDTH 8 0
BBX 8 16 0 -4
BITMAP
00
00
7E
40
40
40
78
40
40
40
40
7E
00
10
10
00
ENDCHAR
STARTCHAR edotbelow
ENCODING 7865
SWIDTH 500 0
DWIDTH 8 0
BBX 8 16 0 -4
BITMAP
00
00
00
00
00
3C
42
42
7E
40
40
3C
00
10
10
00
ENDCHAR
STARTCHAR Etilde
ENCODING 7868
SWIDTH 500 0
DWIDTH 8 0
BBX 8 16 0 -4
BITMAP
32
4C
00
7E
40
40
40
78
40
40
40
7E
00
00
00
00
ENDCHAR
STARTCHAR etilde
ENCODING 7869
SWIDTH 500 0
DWIDTH 8 0
BBX 8 16 0 -4
BITMAP
00
00
32
4C
00
3C
42
42
7E
40
40
3C
00
00
00
00
ENDCHAR
STARTCHAR Odotbelow
ENCODING 7884
SWIDTH 500 0
DWIDTH 8 0
BBX 8 16 0 -4
BITMAP
00
00
3C
42
42
42
42
42
42
42
42
3C
00
10
10
00
ENDCHAR
STARTCHAR odotbelow
ENCODING 7885
SWIDTH 500 0
DWIDTH 8 0
BBX 8 16 0 -4
BITMAP
00
00
00
00
00
3C
42
42
42
42
42
3C
00
10
10
00
ENDCHAR
STARTCHAR Ytilde
ENCODING 7928
SWIDTH 500 0
DWIDTH 8 0
BBX 8 16 0 -4
BITMAP
32
4C
00
44
44
28
28
10
10
10
10
10
00
00
00
00
ENDCHAR
STARTCHAR ytilde
ENCODING 7929
SWIDTH 500 0
DWIDTH 8 0
BBX 8 16 0 -4
BITMAP
00
00
32
4C
00
42
42
42
42
42
42
3E
02
02
3C
00
ENDCHAR
STARTCHAR uni2000
ENCODING 8192
SWIDTH 500 0
DWIDTH 8 0
BBX 8 16 0 -4
BITMAP
00
00
00
00
00
00
00
00
00
00
00
00
00
00
00
00
ENDCHAR
STARTCHAR uni2001
ENCODING 8193
SWIDTH 500 0
DWIDTH 8 0
BBX 8 16 0 -4
BITMAP
00
00
00
00
00
00
00
00
00
00
00
00
00
00
00
00
ENDCHAR
STARTCHAR enspace
ENCODING 8194
SWIDTH 500 0
DWIDTH 8 0
BBX 8 16 0 -4
BITMAP
00
00
00
00
00
00
00
00
00
00
00
00
00
00
00
00
ENDCHAR
STARTCHAR uni2003
ENCODING 8195
SWIDTH 500 0
DWIDTH 8 0
BBX 8 16 0 -4
BITMAP
00
00
00
00
00
00
00
00
00
00
00
00
00
00
00
00
ENDCHAR
STARTCHAR uni2004
ENCODING 8196
SWIDTH 500 0
DWIDTH 8 0
BBX 8 16 0 -4
BITMAP
00
00
00
00
00
00
00
00
00
00
00
00
00
00
00
00
ENDCHAR
STARTCHAR uni2005
ENCODING 8197
SWIDTH 500 0
DWIDTH 8 0
BBX 8 16 0 -4
BITMAP
00
00
00
00
00
00
00
00
00
00
00
00
00
00
00
00
ENDCHAR
STARTCHAR uni2006
ENCODING 8198
SWIDTH 500 0
DWIDTH 8 0
BBX 8 16 0 -4
BITMAP
00
00
00
00
00
00
00
00
00
00
00
00
00
00
00
00
ENDCHAR
STARTCHAR uni2007
ENCODING 8199
SWIDTH 500 0
DWIDTH 8 0
BBX 8 16 0 -4
BITMAP
00
00
00
00
00
00
00
00
00
00
00
00
00
00
00
00
ENDCHAR
STARTCHAR uni2008
ENCODING 8200
SWIDTH 500 0
DWIDTH 8 0
BBX 8 16 0 -4
BITMAP
00
00
00
00
00
00
00
00
00
00
00
00
00
00
00
00
ENDCHAR
STARTCHAR uni2009
ENCODING 8201
SWIDTH 500 0
DWIDTH 8 0
BBX 8 16 0 -4
BITMAP
00
00
00
00
00
00
00
00
00
00
00
00
00
00
00
00
ENDCHAR
STARTCHAR uni200A
ENCODING 8202
SWIDTH 500 0
DWIDTH 8 0
BBX 8 16 0 -4
BITMAP
00
00
00
00
00
00
00
00
00
00
00
00
00
00
00
00
ENDCHAR
STARTCHAR hyphentwo
ENCODING 8208
SWIDTH 500 0
DWIDTH 8 0
BBX 8 16 0 -4
BITMAP
00
00
00
00
00
00
00
3C
00
00
00
00
00
00
00
00
ENDCHAR
STARTCHAR uni2011
ENCODING 8209
SWIDTH 500 0
DWIDTH 8 0
BBX 8 16 0 -4
BITMAP
00
00
00
00
00
00
00
3C
00
00
00
00
00
00
00
00
ENDCHAR
STARTCHAR figuredash
ENCODING 8210
SWIDTH 500 0
DWIDTH 8 0
BBX 8 16 0 -4
BITMAP
00
00
00
00
00
00
00
7E
00
00
00
00
00
00
00
00
ENDCHAR
STARTCHAR endash
ENCODING 8211
SWIDTH 500 0
DWIDTH 8 0
BBX 8 16 0 -4
BITMAP
00
00
00
00
00
00
00
7E
00
00
00
00
00
00
00
00
ENDCHAR
STARTCHAR emdash
ENCODING 8212
SWIDTH 500 0
DWIDTH 8 0
BBX 8 16 0 -4
BITMAP
00
00
00
00
00
00
00
FE
00
00
00
00
00
00
00
00
ENDCHAR
STARTCHAR horizontalbar
ENCODING 8213
SWIDTH 500 0
DWIDTH 8 0
BBX 8 16 0 -4
BITMAP
00
00
00
00
00
00
00
FF
00
00
00
00
00
00
00
00
ENDCHAR
STARTCHAR dblverticalbar
ENCODING 8214
SWIDTH 500 0
DWIDTH 8 0
BBX 8 16 0 -4
BITMAP
00
00
28
28
28
28
28
28
28
28
28
28
00
00
00
00
ENDCHAR
STARTCHAR underscoredbl
ENCODING 8215
SWIDTH 500 0
DWIDTH 8 0
BBX 8 16 0 -4
BITMAP
00
00
00
00
00
00
00
00
00
00
00
00
00
7E
00
7E
ENDCHAR
STARTCHAR quoteleft
ENCODING 8216
SWIDTH 500 0
DWIDTH 8 0
BBX 8 16 0 -4
BITMAP
00
08
10
10
00
00
00
00
00
00
00
00
00
00
00
00
ENDCHAR
STARTCHAR quoteright
ENCODING 8217
SWIDTH 500 0
DWIDTH 8 0
BBX 8 16 0 -4
BITMAP
00
08
08
10
00
00
00
00
00
00
00
00
00
00
00
00
ENDCHAR
STARTCHAR quotesinglbase
ENCODING 8218
SWIDTH 500 0
DWIDTH 8 0
BBX 8 16 0 -4
BITMAP
00
00
00
00
00
00
00
00
00
00
08
08
10
00
00
00
ENDCHAR
STARTCHAR quotedblleft
ENCODING 8220
SWIDTH 500 0
DWIDTH 8 0
BBX 8 16 0 -4
BITMAP
00
12
24
24
00
00
00
00
00
00
00
00
00
00
00
00
ENDCHAR
STARTCHAR quotedblright
ENCODING 8221
SWIDTH 500 0
DWIDTH 8 0
BBX 8 16 0 -4
BITMAP
00
12
12
24
00
00
00
00
00
00
00
00
00
00
00
00
ENDCHAR
STARTCHAR quotedblbase
ENCODING 8222
SWIDTH 500 0
DWIDTH 8 0
BBX 8 16 0 -4
BITMAP
00
00
00
00
00
00
00
00
00
00
24
24
48
00
00
00
ENDCHAR
STARTCHAR dagger
ENCODING 8224
SWIDTH 500 0
DWIDTH 8 0
BBX 8 16 0 -4
BITMAP
00
00
10
10
7C
10
10
10
10
10
10
10
00
00
00
00
ENDCHAR
STARTCHAR daggerdbl
ENCODING 8225
SWIDTH 500 0
DWIDTH 8 0
BBX 8 16 0 -4
BITMAP
00
00
10
10
7C
10
10
10
10
7C
10
10
00
00
00
00
ENDCHAR
STARTCHAR bullet
ENCODING 8226
SWIDTH 500 0
DWIDTH 8 0
BBX 8 16 0 -4
BITMAP
00
00
00
00
00
00
18
3C
3C
18
00
00
00
00
00
00
ENDCHAR
STARTCHAR ellipsis
ENCODING 8230
SWIDTH 500 0
DWIDTH 8 0
BBX 8 16 0 -4
BITMAP
00
00
00
00
00
00
00
00
00
00
92
92
00
00
00
00
ENDCHAR
STARTCHAR perthousand
ENCODING 8240
SWIDTH 500 0
DWIDTH 8 0
BBX 8 16 0 -4
BITMAP
00
00
48
A8
50
10
20
20
40
54
AA
94
00
00
00
00
ENDCHAR
STARTCHAR minute
ENCODING 8242
SWIDTH 500 0
DWIDTH 8 0
BBX 8 16 0 -4
BITMAP
00
08
08
10
10
00
00
00
00
00
00
00
00
00
00
00
ENDCHAR
STARTCHAR second
ENCODING 8243
SWIDTH 500 0
DWIDTH 8 0
BBX 8 16 0 -4
BITMAP
00
24
24
48
48
00
00
00
00
00
00
00
00
00
00
00
ENDCHAR
STARTCHAR guilsinglleft
ENCODING 8249
SWIDTH 500 0
DWIDTH 8 0
BBX 8 16 0 -4
BITMAP
00
00
00
00
00
04
08
10
20
10
08
04
00
00
00
00
ENDCHAR
STARTCHAR guilsinglright
ENCODING 8250
SWIDTH 500 0
DWIDTH 8 0
BBX 8 16 0 -4
BITMAP
00
00
00
00
00
20
10
08
04
08
10
20
00
00
00
00
ENDCHAR
STARTCHAR exclamdbl
ENCODING 8252
SWIDTH 500 0
DWIDTH 8 0
BBX 8 16 0 -4
BITMAP
00
00
24
24
24
24
24
24
24
00
24
24
00
00
00
00
ENDCHAR
STARTCHAR overline
ENCODING 8254
SWIDTH 500 0
DWIDTH 8 0
BBX 8 16 0 -4
BITMAP
7E
00
00
00
00
00
00
00
00
00
00
00
00
00
00
00
ENDCHAR
STARTCHAR char8304
ENCODING 8304
SWIDTH 500 0
DWIDTH 8 0
BBX 8 16 0 -4
BITMAP
00
18
24
2C
34
18
00
00
00
00
00
00
00
00
00
00
ENDCHAR
STARTCHAR char8305
ENCODING 8305
SWIDTH 500 0
DWIDTH 8 0
BBX 8 16 0 -4
BITMAP
00
08
18
28
08
08
00
00
00
00
00
00
00
00
00
00
ENDCHAR
STARTCHAR char8306
ENCODING 8306
SWIDTH 500 0
DWIDTH 8 0
BBX 8 16 0 -4
BITMAP
00
18
24
08
10
3C
00
00
00
00
00
00
00
00
00
00
ENDCHAR
STARTCHAR char8307
ENCODING 8307
SWIDTH 500 0
DWIDTH 8 0
BBX 8 16 0 -4
BITMAP
00
38
04
18
04
38
00
00
00
00
00
00
00
00
00
00
ENDCHAR
STARTCHAR char8308
ENCODING 8308
SWIDTH 500 0
DWIDTH 8 0
BBX 8 16 0 -4
BITMAP
00
0C
14
3C
04
04
00
00
00
00
00
00
00
00
00
00
ENDCHAR
STARTCHAR char8309
ENCODING 8309
SWIDTH 500 0
DWIDTH 8 0
BBX 8 16 0 -4
BITMAP
00
3C
20
38
04
38
00
00
00
00
00
00
00
00
00
00
ENDCHAR
STARTCHAR char8310
ENCODING 8310
SWIDTH 500 0
DWIDTH 8 0
BBX 8 16 0 -4
BITMAP
00
18
20
38
24
18
00
00
00
00
00
00
00
00
00
00
ENDCHAR
STARTCHAR char8311
ENCODING 8311
SWIDTH 500 0
DWIDTH 8 0
BBX 8 16 0 -4
BITMAP
00
3C
04
08
10
20
00
00
00
00
00
00
00
00
00
00
ENDCHAR
STARTCHAR char8312
ENCODING 8312
SWIDTH 500 0
DWIDTH 8 0
BBX 8 16 0 -4
BITMAP
00
18
24
18
24
18
00
00
00
00
00
00
00
00
00
00
ENDCHAR
STARTCHAR char8313
ENCODING 8313
SWIDTH 500 0
DWIDTH 8 0
BBX 8 16 0 -4
BITMAP
00
18
24
1C
04
18
00
00
00
00
00
00
00
00
00
00
ENDCHAR
STARTCHAR nsuperior
ENCODING 8319
SWIDTH 500 0
DWIDTH 8 0
BBX 8 16 0 -4
BITMAP
00
38
24
24
24
24
00
00
00
00
00
00
00
00
00
00
ENDCHAR
STARTCHAR peseta
ENCODING 8359
SWIDTH 500 0
DWIDTH 8 0
BBX 8 16 0 -4
BITMAP
00
00
F0
88
88
88
F4
84
8E
84
84
82
00
00
00
00
ENDCHAR
STARTCHAR Euro
ENCODING 8364
SWIDTH 500 0
DWIDTH 8 0
BBX 8 16 0 -4
BITMAP
00
00
00
1C
22
40
F8
40
F8
40
22
1C
00
00
00
00
ENDCHAR
STARTCHAR uni20AE
ENCODING 8366
SWIDTH 500 0
DWIDTH 8 0
BBX 8 16 0 -4
BITMAP
00
00
FE
10
10
1C
70
1C
70
10
10
10
00
00
00
00
ENDCHAR
STARTCHAR numero
ENCODING 8470
SWIDTH 500 0
DWIDTH 8 0
BBX 8 16 0 -4
BITMAP
00
00
96
96
96
D0
F0
F0
B0
96
90
96
00
00
00
00
ENDCHAR
STARTCHAR trademark
ENCODING 8482
SWIDTH 500 0
DWIDTH 8 0
BBX 8 16 0 -4
BITMAP
00
00
FB
55
55
51
00
00
00
00
00
00
00
00
00
00
ENDCHAR
STARTCHAR Omega
ENCODING 8486
SWIDTH 500 0
DWIDTH 8 0
BBX 8 16 0 -4
BITMAP
00
00
3C
42
42
42
42
42
24
24
24
66
00
00
00
00
ENDCHAR
STARTCHAR arrowleft
ENCODING 8592
SWIDTH 500 0
DWIDTH 8 0
BBX 8 16 0 -4
BITMAP
00
00
00
00
00
20
60
FE
60
20
00
00
00
00
00
00
ENDCHAR
STARTCHAR arrowup
ENCODING 8593
SWIDTH 500 0
DWIDTH 8 0
BBX 8 16 0 -4
BITMAP
00
00
10
38
7C
10
10
10
10
10
10
10
00
00
00
00
ENDCHAR
STARTCHAR arrowright
ENCODING 8594
SWIDTH 500 0
DWIDTH 8 0
BBX 8 16 0 -4
BITMAP
00
00
00
00
00
08
0C
FE
0C
08
00
00
00
00
00
00
ENDCHAR
STARTCHAR arrowdown
ENCODING 8595
SWIDTH 500 0
DWIDTH 8 0
BBX 8 16 0 -4
BITMAP
00
00
10
10
10
10
10
10
10
7C
38
10
00
00
00
00
ENDCHAR
STARTCHAR arrowboth
ENCODING 8596
SWIDTH 500 0
DWIDTH 8 0
BBX 8 16 0 -4
BITMAP
00
00
00
00
00
24
66
FF
66
24
00
00
00
00
00
00
ENDCHAR
STARTCHAR arrowupdn
ENCODING 8597
SWIDTH 500 0
DWIDTH 8 0
BBX 8 16 0 -4
BITMAP
00
00
10
38
7C
10
10
10
10
7C
38
10
00
00
00
00
ENDCHAR
STARTCHAR arrowupdnbse
ENCODING 8616
SWIDTH 500 0
DWIDTH 8 0
BBX 8 16 0 -4
BITMAP
00
00
10
38
7C
10
10
10
10
7C
38
10
7C
00
00
00
ENDCHAR
STARTCHAR char8626
ENCODING 8626
SWIDTH 500 0
DWIDTH 8 0
BBX 8 16 0 -4
BITMAP
00
00
02
02
02
02
02
22
62
FE
60
20
00
00
00
00
ENDCHAR
STARTCHAR carriagereturn
ENCODING 8629
SWIDTH 500 0
DWIDTH 8 0
BBX 8 16 0 -4
BITMAP
00
00
00
00
00
02
02
22
62
FE
60
20
00
00
00
00
ENDCHAR
STARTCHAR arrowdblleft
ENCODING 8656
SWIDTH 500 0
DWIDTH 8 0
BBX 8 16 0 -4
BITMAP
00
00
00
00
00
20
7E
E0
7E
20
00
00
00
00
00
00
ENDCHAR
STARTCHAR arrowdblup
ENCODING 8657
SWIDTH 500 0
DWIDTH 8 0
BBX 8 16 0 -4
BITMAP
00
00
10
38
7C
28
28
28
28
28
28
28
00
00
00
00
ENDCHAR
STARTCHAR arrowdblright
ENCODING 8658
SWIDTH 500 0
DWIDTH 8 0
BBX 8 16 0 -4
BITMAP
00
00
00
00
00
08
FC
0E
FC
08
00
00
00
00
00
00
ENDCHAR
STARTCHAR arrowdbldown
ENCODING 8659
SWIDTH 500 0
DWIDTH 8 0
BBX 8 16 0 -4
BITMAP
00
00
28
28
28
28
28
28
28
7C
38
10
00
00
00
00
ENDCHAR
STARTCHAR arrowdblboth
ENCODING 8660
SWIDTH 500 0
DWIDTH 8 0
BBX 8 16 0 -4
BITMAP
00
00
00
00
00
24
7E
E7
7E
24
00
00
00
00
00
00
ENDCHAR
STARTCHAR uni21D5
ENCODING 8661
SWIDTH 500 0
DWIDTH 8 0
BBX 8 16 0 -4
BITMAP
00
00
10
38
7C
28
28
28
28
7C
38
10
00
00
00
00
ENDCHAR
STARTCHAR emptyset
ENCODING 8709
SWIDTH 500 0
DWIDTH 8 0
BBX 8 16 0 -4
BITMAP
00
00
02
04
7C
8A
92
92
A2
7C
40
80
00
00
00
00
ENDCHAR
STARTCHAR Delta
ENCODING 8710
SWIDTH 500 0
DWIDTH 8 0
BBX 8 16 0 -4
BITMAP
00
00
10
10
28
28
44
44
82
82
82
FE
00
00
00
00
ENDCHAR
STARTCHAR element
ENCODING 8712
SWIDTH 500 0
DWIDTH 8 0
BBX 8 16 0 -4
BITMAP
00
00
00
00
00
1E
20
40
78
40
20
1E
00
00
00
00
ENDCHAR
STARTCHAR minus
ENCODING 8722
SWIDTH 500 0
DWIDTH 8 0
BBX 8 16 0 -4
BITMAP
00
00
00
00
00
00
00
7E
00
00
00
00
00
00
00
00
ENDCHAR
STARTCHAR bulletoperator
ENCODING 8729
SWIDTH 500 0
DWIDTH 8 0
BBX 8 16 0 -4
BITMAP
00
00
00
00
00
00
00
18
18
00
00
00
00
00
00
00
ENDCHAR
STARTCHAR radical
ENCODING 8730
SWIDTH 500 0
DWIDTH 8 0
BBX 8 16 0 -4
BITMAP
00
06
04
04
04
04
44
44
44
24
14
0C
00
00
00
00
ENDCHAR
STARTCHAR infinity
ENCODING 8734
SWIDTH 500 0
DWIDTH 8 0
BBX 8 16 0 -4
BITMAP
00
00
00
00
00
6C
92
92
92
6C
00
00
00
00
00
00
ENDCHAR
STARTCHAR orthogonal
ENCODING 8735
SWIDTH 500 0
DWIDTH 8 0
BBX 8 16 0 -4
BITMAP
00
00
00
00
40
40
40
40
40
7E
00
00
00
00
00
00
ENDCHAR
STARTCHAR logicaland
ENCODING 8743
SWIDTH 500 0
DWIDTH 8 0
BBX 8 16 0 -4
BITMAP
00
00
00
00
00
10
10
28
28
28
44
44
00
00
00
00
ENDCHAR
STARTCHAR logicalor
ENCODING 8744
SWIDTH 500 0
DWIDTH 8 0
BBX 8 16 0 -4
BITMAP
00
00
00
00
00
44
44
28
28
28
10
10
00
00
00
00
ENDCHAR
STARTCHAR intersection
ENCODING 8745
SWIDTH 500 0
DWIDTH 8 0
BBX 8 16 0 -4
BITMAP
00
00
00
3C
42
42
42
42
42
42
42
42
00
00
00
00
ENDCHAR
STARTCHAR union
ENCODING 8746
SWIDTH 500 0
DWIDTH 8 0
BBX 8 16 0 -4
BITMAP
00
00
00
42
42
42
42
42
42
42
42
3C
00
00
00
00
ENDCHAR
STARTCHAR char8758
ENCODING 8758
SWIDTH 500 0
DWIDTH 8 0
BBX 8 16 0 -4
BITMAP
00
00
00
10
10
00
00
00
00
10
10
00
00
00
00
00
ENDCHAR
STARTCHAR approxequal
ENCODING 8776
SWIDTH 500 0
DWIDTH 8 0
BBX 8 16 0 -4
BITMAP
00
00
00
00
00
32
4C
00
32
4C
00
00
00
00
00
00
ENDCHAR
STARTCHAR notequal
ENCODING 8800
SWIDTH 500 0
DWIDTH 8 0
BBX 8 16 0 -4
BITMAP
00
00
00
00
02
7E
08
10
7E
40
00
00
00
00
00
00
ENDCHAR
STARTCHAR equivalence
ENCODING 8801
SWIDTH 500 0
DWIDTH 8 0
BBX 8 16 0 -4
BITMAP
00
00
00
00
7E
00
00
7E
00
00
7E
00
00
00
00
00
ENDCHAR
STARTCHAR lessequal
ENCODING 8804
SWIDTH 500 0
DWIDTH 8 0
BBX 8 16 0 -4
BITMAP
00
00
00
04
08
10
20
10
08
04
00
3E
00
00
00
00
ENDCHAR
STARTCHAR greaterequal
ENCODING 8805
SWIDTH 500 0
DWIDTH 8 0
BBX 8 16 0 -4
BITMAP
00
00
00
20
10
08
04
08
10
20
00
7C
00
00
00
00
ENDCHAR
STARTCHAR char8810
ENCODING 8810
SWIDTH 500 0
DWIDTH 8 0
BBX 8 16 0 -4
BITMAP
00
00
00
00
12
24
48
90
48
24
12
00
00
00
00
00
ENDCHAR
STARTCHAR char8811
ENCODING 8811
SWIDTH 500 0
DWIDTH 8 0
BBX 8 16 0 -4
BITMAP
00
00
00
00
90
48
24
12
24
48
90
00
00
00
00
00
ENDCHAR
STARTCHAR house
ENCODING 8962
SWIDTH 500 0
DWIDTH 8 0
BBX 8 16 0 -4
BITMAP
00
00
00
00
10
28
44
82
82
82
FE
00
00
00
00
00
ENDCHAR
STARTCHAR revlogicalnot
ENCODING 8976
SWIDTH 500 0
DWIDTH 8 0
BBX 8 16 0 -4
BITMAP
00
00
00
00
00
7E
40
40
40
00
00
00
00
00
00
00
ENDCHAR
STARTCHAR integraltp
ENCODING 8992
SWIDTH 500 0
DWIDTH 8 0
BBX 8 16 0 -4
BITMAP
00
00
0C
12
12
10
10
10
10
10
10
10
10
10
10
10
ENDCHAR
STARTCHAR integralbt
ENCODING 8993
SWIDTH 500 0
DWIDTH 8 0
BBX 8 16 0 -4
BITMAP
10
10
10
10
10
10
10
10
10
90
90
60
00
00
00
00
ENDCHAR
STARTCHAR uni23BA
ENCODING 9146
SWIDTH 500 0
DWIDTH 8 0
BBX 8 16 0 -4
BITMAP
FF
00
00
00
00
00
00
00
00
00
00
00
00
00
00
00
ENDCHAR
STARTCHAR uni23BB
ENCODING 9147
SWIDTH 500 0
DWIDTH 8 0
BBX 8 16 0 -4
BITMAP
00
00
00
00
FF
00
00
00
00
00
00
00
00
00
00
00
ENDCHAR
STARTCHAR uni23BC
ENCODING 9148
SWIDTH 500 0
DWIDTH 8 0
BBX 8 16 0 -4
BITMAP
00
00
00
00
00
00
00
00
00
00
00
FF
00
00
00
00
ENDCHAR
STARTCHAR uni23BD
ENCODING 9149
SWIDTH 500 0
DWIDTH 8 0
BBX 8 16 0 -4
BITMAP
00
00
00
00
00
00
00
00
00
00
00
00
00
00
00
FF
ENDCHAR
STARTCHAR uni2409
ENCODING 9225
SWIDTH 500 0
DWIDTH 8 0
BBX 8 16 0 -4
BITMAP
00
88
88
F8
88
88
88
00
1F
04
04
04
04
04
00
00
ENDCHAR
STARTCHAR uni240A
ENCODING 9226
SWIDTH 500 0
DWIDTH 8 0
BBX 8 16 0 -4
BITMAP
00
80
80
80
80
80
F8
00
1F
10
1C
10
10
10
00
00
ENDCHAR
STARTCHAR uni240B
ENCODING 9227
SWIDTH 500 0
DWIDTH 8 0
BBX 8 16 0 -4
BITMAP
00
88
88
50
50
20
20
00
1F
04
04
04
04
04
00
00
ENDCHAR
STARTCHAR uni240C
ENCODING 9228
SWIDTH 500 0
DWIDTH 8 0
BBX 8 16 0 -4
BITMAP
00
F8
80
E0
80
80
80
00
1F
10
1C
10
10
10
00
00
ENDCHAR
STARTCHAR uni240D
ENCODING 9229
SWIDTH 500 0
DWIDTH 8 0
BBX 8 16 0 -4
BITMAP
00
70
88
80
80
88
70
00
1E
11
11
1E
12
11
00
00
ENDCHAR
STARTCHAR uni2424
ENCODING 9252
SWIDTH 500 0
DWIDTH 8 0
BBX 8 16 0 -4
BITMAP
00
88
C8
A8
98
88
88
00
10
10
10
10
10
1F
00
00
ENDCHAR
STARTCHAR SF100000
ENCODING 9472
SWIDTH 500 0
DWIDTH 8 0
BBX 8 16 0 -4
BITMAP
00
00
00
00
00
00
00
FF
00
00
00
00
00
00
00
00
ENDCHAR
STARTCHAR char9473
ENCODING 9473
SWIDTH 500 0
DWIDTH 8 0
BBX 8 16 0 -4
BITMAP
00
00
00
00
00
00
00
FF
FF
00
00
00
00
00
00
00
ENDCHAR
STARTCHAR SF110000
ENCODING 9474
SWIDTH 500 0
DWIDTH 8 0
BBX 8 16 0 -4
BITMAP
10
10
10
10
10
10
10
10
10
10
10
10
10
10
10
10
ENDCHAR
STARTCHAR char9475
ENCODING 9475
SWIDTH 500 0
DWIDTH 8 0
BBX 8 16 0 -4
BITMAP
30
30
30
30
30
30
30
30
30
30
30
30
30
30
30
30
ENDCHAR
STARTCHAR char9476
ENCODING 9476
SWIDTH 500 0
DWIDTH 8 0
BBX 8 16 0 -4
BITMAP
00
00
00
00
00
00
00
D6
00
00
00
00
00
00
00
00
ENDCHAR
STARTCHAR char9477
ENCODING 9477
SWIDTH 500 0
DWIDTH 8 0
BBX 8 16 0 -4
BITMAP
00
00
00
00
00
00
00
D6
D6
00
00
00
00
00
00
00
ENDCHAR
STARTCHAR char9478
ENCODING 9478
SWIDTH 500 0
DWIDTH 8 0
BBX 8 16 0 -4
BITMAP
10
10
10
00
00
10
10
10
00
00
10
10
10
00
00
00
ENDCHAR
STARTCHAR char9479
ENCODING 9479
SWIDTH 500 0
DWIDTH 8 0
BBX 8 16 0 -4
BITMAP
30
30
30
00
00
30
30
30
00
00
30
30
30
00
00
00
ENDCHAR
STARTCHAR char9480
ENCODING 9480
SWIDTH 500 0
DWIDTH 8 0
BBX 8 16 0 -4
BITMAP
00
00
00
00
00
00
00
AA
00
00
00
00
00
00
00
00
ENDCHAR
STARTCHAR char9481
ENCODING 9481
SWIDTH 500 0
DWIDTH 8 0
BBX 8 16 0 -4
BITMAP
00
00
00
00
00
00
00
AA
AA
00
00
00
00
00
00
00
ENDCHAR
STARTCHAR char9482
ENCODING 9482
SWIDTH 500 0
DWIDTH 8 0
BBX 8 16 0 -4
BITMAP
10
10
10
00
10
10
10
00
10
10
10
00
10
10
10
00
ENDCHAR
STARTCHAR char9483
ENCODING 9483
SWIDTH 500 0
DWIDTH 8 0
BBX 8 16 0 -4
BITMAP
30
30
30
00
30
30
30
00
30
30
30
00
30
30
30
00
ENDCHAR
STARTCHAR SF010000
ENCODING 9484
SWIDTH 500 0
DWIDTH 8 0
BBX 8 16 0 -4
BITMAP
00
00
00
00
00
00
00
1F
10
10
10
10
10
10
10
10
ENDCHAR
STARTCHAR char9485
ENCODING 9485
SWIDTH 500 0
DWIDTH 8 0
BBX 8 16 0 -4
BITMAP
00
00
00
00
00
00
00
1F
1F
10
10
10
10
10
10
10
ENDCHAR
STARTCHAR char9486
ENCODING 9486
SWIDTH 500 0
DWIDTH 8 0
BBX 8 16 0 -4
BITMAP
00
00
00
00
00
00
00
3F
30
30
30
30
30
30
30
30
ENDCHAR
STARTCHAR char9487
ENCODING 9487
SWIDTH 500 0
DWIDTH 8 0
BBX 8 16 0 -4
BITMAP
00
00
00
00
00
00
00
3F
3F
30
30
30
30
30
30
30
ENDCHAR
STARTCHAR SF030000
ENCODING 9488
SWIDTH 500 0
DWIDTH 8 0
BBX 8 16 0 -4
BITMAP
00
00
00
00
00
00
00
F0
10
10
10
10
10
10
10
10
ENDCHAR
STARTCHAR char9489
ENCODING 9489
SWIDTH 500 0
DWIDTH 8 0
BBX 8 16 0 -4
BITMAP
00
00
00
00
00
00
00
F0
F0
10
10
10
10
10
10
10
ENDCHAR
STARTCHAR char9490
ENCODING 9490
SWIDTH 500 0
DWIDTH 8 0
BBX 8 16 0 -4
BITMAP
00
00
00
00
00
00
00
F0
30
30
30
30
30
30
30
30
ENDCHAR
STARTCHAR char9491
ENCODING 9491
SWIDTH 500 0
DWIDTH 8 0
BBX 8 16 0 -4
BITMAP
00
00
00
00
00
00
00
F0
F0
30
30
30
30
30
30
30
ENDCHAR
STARTCHAR SF020000
ENCODING 9492
SWIDTH 500 0
DWIDTH 8 0
BBX 8 16 0 -4
BITMAP
10
10
10
10
10
10
10
1F
00
00
00
00
00
00
00
00
ENDCHAR
STARTCHAR char9493
ENCODING 9493
SWIDTH 500 0
DWIDTH 8 0
BBX 8 16 0 -4
BITMAP
10
10
10
10
10
10
10
1F
1F
00
00
00
00
00
00
00
ENDCHAR
STARTCHAR char9494
ENCODING 9494
SWIDTH 500 0
DWIDTH 8 0
BBX 8 16 0 -4
BITMAP
30
30
30
30
30
30
30
3F
00
00
00
00
00
00
00
00
ENDCHAR
STARTCHAR char9495
ENCODING 9495
SWIDTH 500 0
DWIDTH 8 0
BBX 8 16 0 -4
BITMAP
30
30
30
30
30
30
30
3F
3F
00
00
00
00
00
00
00
ENDCHAR
STARTCHAR SF040000
ENCODING 9496
SWIDTH 500 0
DWIDTH 8 0
BBX 8 16 0 -4
BITMAP
10
10
10
10
10
10
10
F0
00
00
00
00
00
00
00
00
ENDCHAR
STARTCHAR char9497
ENCODING 9497
SWIDTH 500 0
DWIDTH 8 0
BBX 8 16 0 -4
BITMAP
10
10
10
10
10
10
10
F0
F0
00
00
00
00
00
00
00
ENDCHAR
STARTCHAR char9498
ENCODING 9498
SWIDTH 500 0
DWIDTH 8 0
BBX 8 16 0 -4
BITMAP
30
30
30
30
30
30
30
F0
00
00
00
00
00
00
00
00
ENDCHAR
STARTCHAR char9499
ENCODING 9499
SWIDTH 500 0
DWIDTH 8 0
BBX 8 16 0 -4
BITMAP
30
30
30
30
30
30
30
F0
F0
00
00
00
00
00
00
00
ENDCHAR
STARTCHAR SF080000
ENCODING 9500
SWIDTH 500 0
DWIDTH 8 0
BBX 8 16 0 -4
BITMAP
10
10
10
10
10
10
10
1F
10
10
10
10
10
10
10
10
ENDCHAR
STARTCHAR char9501
ENCODING 9501
SWIDTH 500 0
DWIDTH 8 0
BBX 8 16 0 -4
BITMAP
10
10
10
10
10
10
10
1F
1F
10
10
10
10
10
10
10
ENDCHAR
STARTCHAR char9502
ENCODING 9502
SWIDTH 500 0
DWIDTH 8 0
BBX 8 16 0 -4
BITMAP
30
30
30
30
30
30
30
3F
10
10
10
10
10
10
10
10
ENDCHAR
STARTCHAR char9503
ENCODING 9503
SWIDTH 500 0
DWIDTH 8 0
BBX 8 16 0 -4
BITMAP
10
10
10
10
10
10
10
3F
30
30
30
30
30
30
30
30
ENDCHAR
STARTCHAR char9504
ENCODING 9504
SWIDTH 500 0
DWIDTH 8 0
BBX 8 16 0 -4
BITMAP
30
30
30
30
30
30
30
3F
30
30
30
30
30
30
30
30
ENDCHAR
STARTCHAR char9505
ENCODING 9505
SWIDTH 500 0
DWIDTH 8 0
BBX 8 16 0 -4
BITMAP
30
30
30
30
30
30
30
3F
3F
10
10
10
10
10
10
10
ENDCHAR
STARTCHAR char9506
ENCODING 9506
SWIDTH 500 0
DWIDTH 8 0
BBX 8 16 0 -4
BITMAP
10
10
10
10
10
10
10
3F
3F
30
30
30
30
30
30
30
ENDCHAR
STARTCHAR char9507
ENCODING 9507
SWIDTH 500 0
DWIDTH 8 0
BBX 8 16 0 -4
BITMAP
30
30
30
30
30
30
30
3F
3F
30
30
30
30
30
30
30
ENDCHAR
STARTCHAR SF090000
ENCODING 9508
SWIDTH 500 0
DWIDTH 8 0
BBX 8 16 0 -4
BITMAP
10
10
10
10
10
10
10
F0
10
10
10
10
10
10
10
10
ENDCHAR
STARTCHAR char9509
ENCODING 9509
SWIDTH 500 0
DWIDTH 8 0
BBX 8 16 0 -4
BITMAP
10
10
10
10
10
10
10
F0
F0
10
10
10
10
10
10
10
ENDCHAR
STARTCHAR char9510
ENCODING 9510
SWIDTH 500 0
DWIDTH 8 0
BBX 8 16 0 -4
BITMAP
30
30
30
30
30
30
30
F0
10
10
10
10
10
10
10
10
ENDCHAR
STARTCHAR char9511
ENCODING 9511
SWIDTH 500 0
DWIDTH 8 0
BBX 8 16 0 -4
BITMAP
10
10
10
10
10
10
10
F0
30
30
30
30
30
30
30
30
ENDCHAR
STARTCHAR char9512
ENCODING 9512
SWIDTH 500 0
DWIDTH 8 0
BBX 8 16 0 -4
BITMAP
30
30
30
30
30
30
30
F0
30
30
30
30
30
30
30
30
ENDCHAR
STARTCHAR char9513
ENCODING 9513
SWIDTH 500 0
DWIDTH 8 0
BBX 8 16 0 -4
BITMAP
30
30
30
30
30
30
30
F0
F0
10
10
10
10
10
10
10
ENDCHAR
STARTCHAR char9514
ENCODING 9514
SWIDTH 500 0
DWIDTH 8 0
BBX 8 16 0 -4
BITMAP
10
10
10
10
10
10
10
F0
F0
30
30
30
30
30
30
30
ENDCHAR
STARTCHAR char9515
ENCODING 9515
SWIDTH 500 0
DWIDTH 8 0
BBX 8 16 0 -4
BITMAP
30
30
30
30
30
30
30
F0
F0
30
30
30
30
30
30
30
ENDCHAR
STARTCHAR SF060000
ENCODING 9516
SWIDTH 500 0
DWIDTH 8 0
BBX 8 16 0 -4
BITMAP
00
00
00
00
00
00
00
FF
10
10
10
10
10
10
10
10
ENDCHAR
STARTCHAR char9517
ENCODING 9517
SWIDTH 500 0
DWIDTH 8 0
BBX 8 16 0 -4
BITMAP
00
00
00
00
00
00
00
FF
F0
10
10
10
10
10
10
10
ENDCHAR
STARTCHAR char9518
ENCODING 9518
SWIDTH 500 0
DWIDTH 8 0
BBX 8 16 0 -4
BITMAP
00
00
00
00
00
00
00
FF
1F
10
10
10
10
10
10
10
ENDCHAR
STARTCHAR char9519
ENCODING 9519
SWIDTH 500 0
DWIDTH 8 0
BBX 8 16 0 -4
BITMAP
00
00
00
00
00
00
00
FF
FF
10
10
10
10
10
10
10
ENDCHAR
STARTCHAR char9520
ENCODING 9520
SWIDTH 500 0
DWIDTH 8 0
BBX 8 16 0 -4
BITMAP
00
00
00
00
00
00
00
FF
30
30
30
30
30
30
30
30
ENDCHAR
STARTCHAR char9521
ENCODING 9521
SWIDTH 500 0
DWIDTH 8 0
BBX 8 16 0 -4
BITMAP
00
00
00
00
00
00
00
FF
F0
30
30
30
30
30
30
30
ENDCHAR
STARTCHAR char9522
ENCODING 9522
SWIDTH 500 0
DWIDTH 8 0
BBX 8 16 0 -4
BITMAP
00
00
00
00
00
00
00
FF
3F
30
30
30
30
30
30
30
ENDCHAR
STARTCHAR char9523
ENCODING 9523
SWIDTH 500 0
DWIDTH 8 0
BBX 8 16 0 -4
BITMAP
00
00
00
00
00
00
00
FF
FF
30
30
30
30
30
30
30
ENDCHAR
STARTCHAR SF070000
ENCODING 9524
SWIDTH 500 0
DWIDTH 8 0
BBX 8 16 0 -4
BITMAP
10
10
10
10
10
10
10
FF
00
00
00
00
00
00
00
00
ENDCHAR
STARTCHAR char9525
ENCODING 9525
SWIDTH 500 0
DWIDTH 8 0
BBX 8 16 0 -4
BITMAP
10
10
10
10
10
10
10
FF
F0
00
00
00
00
00
00
00
ENDCHAR
STARTCHAR char9526
ENCODING 9526
SWIDTH 500 0
DWIDTH 8 0
BBX 8 16 0 -4
BITMAP
10
10
10
10
10
10
10
FF
1F
00
00
00
00
00
00
00
ENDCHAR
STARTCHAR char9527
ENCODING 9527
SWIDTH 500 0
DWIDTH 8 0
BBX 8 16 0 -4
BITMAP
10
10
10
10
10
10
10
FF
FF
00
00
00
00
00
00
00
ENDCHAR
STARTCHAR char9528
ENCODING 9528
SWIDTH 500 0
DWIDTH 8 0
BBX 8 16 0 -4
BITMAP
30
30
30
30
30
30
30
FF
00
00
00
00
00
00
00
00
ENDCHAR
STARTCHAR char9529
ENCODING 9529
SWIDTH 500 0
DWIDTH 8 0
BBX 8 16 0 -4
BITMAP
30
30
30
30
30
30
30
FF
F0
00
00
00
00
00
00
00
ENDCHAR
STARTCHAR char9530
ENCODING 9530
SWIDTH 500 0
DWIDTH 8 0
BBX 8 16 0 -4
BITMAP
30
30
30
30
30
30
30
FF
3F
00
00
00
00
00
00
00
ENDCHAR
STARTCHAR char9531
ENCODING 9531
SWIDTH 500 0
DWIDTH 8 0
BBX 8 16 0 -4
BITMAP
30
30
30
30
30
30
30
FF
FF
00
00
00
00
00
00
00
ENDCHAR
STARTCHAR SF050000
ENCODING 9532
SWIDTH 500 0
DWIDTH 8 0
BBX 8 16 0 -4
BITMAP
10
10
10
10
10
10
10
FF
10
10
10
10
10
10
10
10
ENDCHAR
STARTCHAR char9533
ENCODING 9533
SWIDTH 500 0
DWIDTH 8 0
BBX 8 16 0 -4
BITMAP
10
10
10
10
10
10
10
FF
F0
10
10
10
10
10
10
10
ENDCHAR
STARTCHAR char9534
ENCODING 9534
SWIDTH 500 0
DWIDTH 8 0
BBX 8 16 0 -4
BITMAP
10
10
10
10
10
10
10
FF
1F
10
10
10
10
10
10
10
ENDCHAR
STARTCHAR char9535
ENCODING 9535
SWIDTH 500 0
DWIDTH 8 0
BBX 8 16 0 -4
BITMAP
10
10
10
10
10
10
10
FF
FF
10
10
10
10
10
10
10
ENDCHAR
STARTCHAR char9536
ENCODING 9536
SWIDTH 500 0
DWIDTH 8 0
BBX 8 16 0 -4
BITMAP
30
30
30
30
30
30
30
FF
10
10
10
10
10
10
10
10
ENDCHAR
STARTCHAR char9537
ENCODING 9537
SWIDTH 500 0
DWIDTH 8 0
BBX 8 16 0 -4
BITMAP
10
10
10
10
10
10
10
FF
30
30
30
30
30
30
30
30
ENDCHAR
STARTCHAR char9538
ENCODING 9538
SWIDTH 500 0
DWIDTH 8 0
BBX 8 16 0 -4
BITMAP
30
30
30
30
30
30
30
FF
30
30
30
30
30
30
30
30
ENDCHAR
STARTCHAR char9539
ENCODING 9539
SWIDTH 500 0
DWIDTH 8 0
BBX 8 16 0 -4
BITMAP
30
30
30
30
30
30
30
FF
F0
10
10
10
10
10
10
10
ENDCHAR
STARTCHAR char9540
ENCODING 9540
SWIDTH 500 0
DWIDTH 8 0
BBX 8 16 0 -4
BITMAP
30
30
30
30
30
30
30
FF
3F
10
10
10
10
10
10
10
ENDCHAR
STARTCHAR char9541
ENCODING 9541
SWIDTH 500 0
DWIDTH 8 0
BBX 8 16 0 -4
BITMAP
10
10
10
10
10
10
10
FF
F0
30
30
30
30
30
30
30
ENDCHAR
STARTCHAR char9542
ENCODING 9542
SWIDTH 500 0
DWIDTH 8 0
BBX 8 16 0 -4
BITMAP
10
10
10
10
10
10
10
FF
3F
30
30
30
30
30
30
30
ENDCHAR
STARTCHAR char9543
ENCODING 9543
SWIDTH 500 0
DWIDTH 8 0
BBX 8 16 0 -4
BITMAP
30
30
30
30
30
30
30
FF
FF
10
10
10
10
10
10
10
ENDCHAR
STARTCHAR char9544
ENCODING 9544
SWIDTH 500 0
DWIDTH 8 0
BBX 8 16 0 -4
BITMAP
10
10
10
10
10
10
10
FF
FF
30
30
30
30
30
30
30
ENDCHAR
STARTCHAR char9545
ENCODING 9545
SWIDTH 500 0
DWIDTH 8 0
BBX 8 16 0 -4
BITMAP
30
30
30
30
30
30
30
FF
F0
30
30
30
30
30
30
30
ENDCHAR
STARTCHAR char9546
ENCODING 9546
SWIDTH 500 0
DWIDTH 8 0
BBX 8 16 0 -4
BITMAP
30
30
30
30
30
30
30
FF
3F
30
30
30
30
30
30
30
ENDCHAR
STARTCHAR char9547
ENCODING 9547
SWIDTH 500 0
DWIDTH 8 0
BBX 8 16 0 -4
BITMAP
30
30
30
30
30
30
30
FF
FF
30
30
30
30
30
30
30
ENDCHAR
STARTCHAR char9548
ENCODING 9548
SWIDTH 500 0
DWIDTH 8 0
BBX 8 16 0 -4
BITMAP
00
00
00
00
00
00
00
EE
00
00
00
00
00
00
00
00
ENDCHAR
STARTCHAR char9549
ENCODING 9549
SWIDTH 500 0
DWIDTH 8 0
BBX 8 16 0 -4
BITMAP
00
00
00
00
00
00
00
EE
EE
00
00
00
00
00
00
00
ENDCHAR
STARTCHAR char9550
ENCODING 9550
SWIDTH 500 0
DWIDTH 8 0
BBX 8 16 0 -4
BITMAP
10
10
10
10
10
00
00
00
10
10
10
10
10
00
00
00
ENDCHAR
STARTCHAR char9551
ENCODING 9551
SWIDTH 500 0
DWIDTH 8 0
BBX 8 16 0 -4
BITMAP
30
30
30
30
30
00
00
00
30
30
30
30
30
00
00
00
ENDCHAR
STARTCHAR SF430000
ENCODING 9552
SWIDTH 500 0
DWIDTH 8 0
BBX 8 16 0 -4
BITMAP
00
00
00
00
00
00
FF
00
FF
00
00
00
00
00
00
00
ENDCHAR
STARTCHAR SF240000
ENCODING 9553
SWIDTH 500 0
DWIDTH 8 0
BBX 8 16 0 -4
BITMAP
28
28
28
28
28
28
28
28
28
28
28
28
28
28
28
28
ENDCHAR
STARTCHAR SF510000
ENCODING 9554
SWIDTH 500 0
DWIDTH 8 0
BBX 8 16 0 -4
BITMAP
00
00
00
00
00
00
1F
10
1F
10
10
10
10
10
10
10
ENDCHAR
STARTCHAR SF520000
ENCODING 9555
SWIDTH 500 0
DWIDTH 8 0
BBX 8 16 0 -4
BITMAP
00
00
00
00
00
00
00
3F
28
28
28
28
28
28
28
28
ENDCHAR
STARTCHAR SF390000
ENCODING 9556
SWIDTH 500 0
DWIDTH 8 0
BBX 8 16 0 -4
BITMAP
00
00
00
00
00
00
3F
20
2F
28
28
28
28
28
28
28
ENDCHAR
STARTCHAR SF220000
ENCODING 9557
SWIDTH 500 0
DWIDTH 8 0
BBX 8 16 0 -4
BITMAP
00
00
00
00
00
00
F0
10
F0
10
10
10
10
10
10
10
ENDCHAR
STARTCHAR SF210000
ENCODING 9558
SWIDTH 500 0
DWIDTH 8 0
BBX 8 16 0 -4
BITMAP
00
00
00
00
00
00
00
F8
28
28
28
28
28
28
28
28
ENDCHAR
STARTCHAR SF250000
ENCODING 9559
SWIDTH 500 0
DWIDTH 8 0
BBX 8 16 0 -4
BITMAP
00
00
00
00
00
00
F8
08
E8
28
28
28
28
28
28
28
ENDCHAR
STARTCHAR SF500000
ENCODING 9560
SWIDTH 500 0
DWIDTH 8 0
BBX 8 16 0 -4
BITMAP
10
10
10
10
10
10
1F
10
1F
00
00
00
00
00
00
00
ENDCHAR
STARTCHAR SF490000
ENCODING 9561
SWIDTH 500 0
DWIDTH 8 0
BBX 8 16 0 -4
BITMAP
28
28
28
28
28
28
28
3F
00
00
00
00
00
00
00
00
ENDCHAR
STARTCHAR SF380000
ENCODING 9562
SWIDTH 500 0
DWIDTH 8 0
BBX 8 16 0 -4
BITMAP
28
28
28
28
28
28
2F
20
3F
00
00
00
00
00
00
00
ENDCHAR
STARTCHAR SF280000
ENCODING 9563
SWIDTH 500 0
DWIDTH 8 0
BBX 8 16 0 -4
BITMAP
10
10
10
10
10
10
F0
10
F0
00
00
00
00
00
00
00
ENDCHAR
STARTCHAR SF270000
ENCODING 9564
SWIDTH 500 0
DWIDTH 8 0
BBX 8 16 0 -4
BITMAP
28
28
28
28
28
28
28
F8
00
00
00
00
00
00
00
00
ENDCHAR
STARTCHAR SF260000
ENCODING 9565
SWIDTH 500 0
DWIDTH 8 0
BBX 8 16 0 -4
BITMAP
28
28
28
28
28
28
E8
08
F8
00
00
00
00
00
00
00
ENDCHAR
STARTCHAR SF360000
ENCODING 9566
SWIDTH 500 0
DWIDTH 8 0
BBX 8 16 0 -4
BITMAP
10
10
10
10
10
10
1F
10
1F
10
10
10
10
10
10
10
ENDCHAR
STARTCHAR SF370000
ENCODING 9567
SWIDTH 500 0
DWIDTH 8 0
BBX 8 16 0 -4
BITMAP
28
28
28
28
28
28
28
2F
28
28
28
28
28
28
28
28
ENDCHAR
STARTCHAR SF420000
ENCODING 9568
SWIDTH 500 0
DWIDTH 8 0
BBX 8 16 0 -4
BITMAP
28
28
28
28
28
28
2F
20
2F
28
28
28
28
28
28
28
ENDCHAR
STARTCHAR SF190000
ENCODING 9569
SWIDTH 500 0
DWIDTH 8 0
BBX 8 16 0 -4
BITMAP
10
10
10
10
10
10
F0
10
F0
10
10
10
10
10
10
10
ENDCHAR
STARTCHAR SF200000
ENCODING 9570
SWIDTH 500 0
DWIDTH 8 0
BBX 8 16 0 -4
BITMAP
28
28
28
28
28
28
28
E8
28
28
28
28
28
28
28
28
ENDCHAR
STARTCHAR SF230000
ENCODING 9571
SWIDTH 500 0
DWIDTH 8 0
BBX 8 16 0 -4
BITMAP
28
28
28
28
28
28
E8
08
E8
28
28
28
28
28
28
28
ENDCHAR
STARTCHAR SF470000
ENCODING 9572
SWIDTH 500 0
DWIDTH 8 0
BBX 8 16 0 -4
BITMAP
00
00
00
00
00
00
FF
00
FF
10
10
10
10
10
10
10
ENDCHAR
STARTCHAR SF480000
ENCODING 9573
SWIDTH 500 0
DWIDTH 8 0
BBX 8 16 0 -4
BITMAP
00
00
00
00
00
00
00
FF
28
28
28
28
28
28
28
28
ENDCHAR
STARTCHAR SF410000
ENCODING 9574
SWIDTH 500 0
DWIDTH 8 0
BBX 8 16 0 -4
BITMAP
00
00
00
00
00
00
FF
00
EF
28
28
28
28
28
28
28
ENDCHAR
STARTCHAR SF450000
ENCODING 9575
SWIDTH 500 0
DWIDTH 8 0
BBX 8 16 0 -4
BITMAP
10
10
10
10
10
10
FF
00
FF
00
00
00
00
00
00
00
ENDCHAR
STARTCHAR SF460000
ENCODING 9576
SWIDTH 500 0
DWIDTH 8 0
BBX 8 16 0 -4
BITMAP
28
28
28
28
28
28
28
FF
00
00
00
00
00
00
00
00
ENDCHAR
STARTCHAR SF400000
ENCODING 9577
SWIDTH 500 0
DWIDTH 8 0
BBX 8 16 0 -4
BITMAP
28
28
28
28
28
28
EF
00
FF
00
00
00
00
00
00
00
ENDCHAR
STARTCHAR SF540000
ENCODING 9578
SWIDTH 500 0
DWIDTH 8 0
BBX 8 16 0 -4
BITMAP
10
10
10
10
10
10
FF
10
FF
10
10
10
10
10
10
10
ENDCHAR
STARTCHAR SF530000
ENCODING 9579
SWIDTH 500 0
DWIDTH 8 0
BBX 8 16 0 -4
BITMAP
28
28
28
28
28
28
28
FF
28
28
28
28
28
28
28
28
ENDCHAR
STARTCHAR SF440000
ENCODING 9580
SWIDTH 500 0
DWIDTH 8 0
BBX 8 16 0 -4
BITMAP
28
28
28
28
28
28
EF
00
EF
28
28
28
28
28
28
28
ENDCHAR
STARTCHAR char9581
ENCODING 9581
SWIDTH 500 0
DWIDTH 8 0
BBX 8 16 0 -4
BITMAP
00
00
00
00
00
00
00
0F
18
10
10
10
10
10
10
10
ENDCHAR
STARTCHAR char9582
ENCODING 9582
SWIDTH 500 0
DWIDTH 8 0
BBX 8 16 0 -4
BITMAP
00
00
00
00
00
00
00
E0
30
10
10
10
10
10
10
10
ENDCHAR
STARTCHAR char9583
ENCODING 9583
SWIDTH 500 0
DWIDTH 8 0
BBX 8 16 0 -4
BITMAP
10
10
10
10
10
10
30
E0
00
00
00
00
00
00
00
00
ENDCHAR
STARTCHAR char9584
ENCODING 9584
SWIDTH 500 0
DWIDTH 8 0
BBX 8 16 0 -4
BITMAP
10
10
10
10
10
10
18
0F
00
00
00
00
00
00
00
00
ENDCHAR
STARTCHAR char9585
ENCODING 9585
SWIDTH 500 0
DWIDTH 8 0
BBX 8 16 0 -4
BITMAP
01
01
02
02
04
04
08
08
10
10
20
20
40
40
80
80
ENDCHAR
STARTCHAR char9586
ENCODING 9586
SWIDTH 500 0
DWIDTH 8 0
BBX 8 16 0 -4
BITMAP
80
80
40
40
20
20
10
10
08
08
04
04
02
02
01
01
ENDCHAR
STARTCHAR char9587
ENCODING 9587
SWIDTH 500 0
DWIDTH 8 0
BBX 8 16 0 -4
BITMAP
81
81
42
42
24
24
18
18
18
18
24
24
42
42
81
81
ENDCHAR
STARTCHAR char9588
ENCODING 9588
SWIDTH 500 0
DWIDTH 8 0
BBX 8 16 0 -4
BITMAP
00
00
00
00
00
00
00
E0
00
00
00
00
00
00
00
00
ENDCHAR
STARTCHAR char9589
ENCODING 9589
SWIDTH 500 0
DWIDTH 8 0
BBX 8 16 0 -4
BITMAP
10
10
10
10
10
10
10
10
00
00
00
00
00
00
00
00
ENDCHAR
STARTCHAR char9590
ENCODING 9590
SWIDTH 500 0
DWIDTH 8 0
BBX 8 16 0 -4
BITMAP
00
00
00
00
00
00
00
1F
00
00
00
00
00
00
00
00
ENDCHAR
STARTCHAR char9591
ENCODING 9591
SWIDTH 500 0
DWIDTH 8 0
BBX 8 16 0 -4
BITMAP
00
00
00
00
00
00
00
00
10
10
10
10
10
10
10
10
ENDCHAR
STARTCHAR char9592
ENCODING 9592
SWIDTH 500 0
DWIDTH 8 0
BBX 8 16 0 -4
BITMAP
00
00
00
00
00
00
00
E0
E0
00
00
00
00
00
00
00
ENDCHAR
STARTCHAR char9593
ENCODING 9593
SWIDTH 500 0
DWIDTH 8 0
BBX 8 16 0 -4
BITMAP
30
30
30
30
30
30
30
30
00
00
00
00
00
00
00
00
ENDCHAR
STARTCHAR char9594
ENCODING 9594
SWIDTH 500 0
DWIDTH 8 0
BBX 8 16 0 -4
BITMAP
00
00
00
00
00
00
00
1F
1F
00
00
00
00
00
00
00
ENDCHAR
STARTCHAR char9595
ENCODING 9595
SWIDTH 500 0
DWIDTH 8 0
BBX 8 16 0 -4
BITMAP
00
00
00
00
00
00
00
00
30
30
30
30
30
30
30
30
ENDCHAR
STARTCHAR char9596
ENCODING 9596
SWIDTH 500 0
DWIDTH 8 0
BBX 8 16 0 -4
BITMAP
00
00
00
00
00
00
00
FF
1F
00
00
00
00
00
00
00
ENDCHAR
STARTCHAR char9597
ENCODING 9597
SWIDTH 500 0
DWIDTH 8 0
BBX 8 16 0 -4
BITMAP
10
10
10
10
10
10
10
10
30
30
30
30
30
30
30
30
ENDCHAR
STARTCHAR char9598
ENCODING 9598
SWIDTH 500 0
DWIDTH 8 0
BBX 8 16 0 -4
BITMAP
00
00
00
00
00
00
00
FF
E0
00
00
00
00
00
00
00
ENDCHAR
STARTCHAR char9599
ENCODING 9599
SWIDTH 500 0
DWIDTH 8 0
BBX 8 16 0 -4
BITMAP
30
30
30
30
30
30
30
30
10
10
10
10
10
10
10
10
ENDCHAR
STARTCHAR upblock
ENCODING 9600
SWIDTH 500 0
DWIDTH 8 0
BBX 8 16 0 -4
BITMAP
FF
FF
FF
FF
FF
FF
FF
FF
00
00
00
00
00
00
00
00
ENDCHAR
STARTCHAR char9601
ENCODING 9601
SWIDTH 500 0
DWIDTH 8 0
BBX 8 16 0 -4
BITMAP
00
00
00
00
00
00
00
00
00
00
00
00
00
00
FF
FF
ENDCHAR
STARTCHAR char9602
ENCODING 9602
SWIDTH 500 0
DWIDTH 8 0
BBX 8 16 0 -4
BITMAP
00
00
00
00
00
00
00
00
00
00
00
00
00
FF
FF
FF
ENDCHAR
STARTCHAR char9603
ENCODING 9603
SWIDTH 500 0
DWIDTH 8 0
BBX 8 16 0 -4
BITMAP
00
00
00
00
00
00
00
00
00
00
00
FF
FF
FF
FF
FF
ENDCHAR
STARTCHAR dnblock
ENCODING 9604
SWIDTH 500 0
DWIDTH 8 0
BBX 8 16 0 -4
BITMAP
00
00
00
00
00
00
00
00
FF
FF
FF
FF
FF
FF
FF
FF
ENDCHAR
STARTCHAR char9605
ENCODING 9605
SWIDTH 500 0
DWIDTH 8 0
BBX 8 16 0 -4
BITMAP
00
00
00
00
00
00
00
FF
FF
FF
FF
FF
FF
FF
FF
FF
ENDCHAR
STARTCHAR char9606
ENCODING 9606
SWIDTH 500 0
DWIDTH 8 0
BBX 8 16 0 -4
BITMAP
00
00
00
00
00
FF
FF
FF
FF
FF
FF
FF
FF
FF
FF
FF
ENDCHAR
STARTCHAR char9607
ENCODING 9607
SWIDTH 500 0
DWIDTH 8 0
BBX 8 16 0 -4
BITMAP
00
00
00
FF
FF
FF
FF
FF
FF
FF
FF
FF
FF
FF
FF
FF
ENDCHAR
STARTCHAR block
ENCODING 9608
SWIDTH 500 0
DWIDTH 8 0
BBX 8 16 0 -4
BITMAP
FF
FF
FF
FF
FF
FF
FF
FF
FF
FF
FF
FF
FF
FF
FF
FF
ENDCHAR
STARTCHAR char9609
ENCODING 9609
SWIDTH 500 0
DWIDTH 8 0
BBX 8 16 0 -4
BITMAP
FE
FE
FE
FE
FE
FE
FE
FE
FE
FE
FE
FE
FE
FE
FE
FE
ENDCHAR
STARTCHAR char9610
ENCODING 9610
SWIDTH 500 0
DWIDTH 8 0
BBX 8 16 0 -4
BITMAP
FC
FC
FC
FC
FC
FC
FC
FC
FC
FC
FC
FC
FC
FC
FC
FC
ENDCHAR
STARTCHAR char9611
ENCODING 9611
SWIDTH 500 0
DWIDTH 8 0
BBX 8 16 0 -4
BITMAP
F8
F8
F8
F8
F8
F8
F8
F8
F8
F8
F8
F8
F8
F8
F8
F8
ENDCHAR
STARTCHAR lfblock
ENCODING 9612
SWIDTH 500 0
DWIDTH 8 0
BBX 8 16 0 -4
BITMAP
F0
F0
F0
F0
F0
F0
F0
F0
F0
F0
F0
F0
F0
F0
F0
F0
ENDCHAR
STARTCHAR char9613
ENCODING 9613
SWIDTH 500 0
DWIDTH 8 0
BBX 8 16 0 -4
BITMAP
E0
E0
E0
E0
E0
E0
E0
E0
E0
E0
E0
E0
E0
E0
E0
E0
ENDCHAR
STARTCHAR char9614
ENCODING 9614
SWIDTH 500 0
DWIDTH 8 0
BBX 8 16 0 -4
BITMAP
C0
C0
C0
C0
C0
C0
C0
C0
C0
C0
C0
C0
C0
C0
C0
C0
ENDCHAR
STARTCHAR char9615
ENCODING 9615
SWIDTH 500 0
DWIDTH 8 0
BBX 8 16 0 -4
BITMAP
80
80
80
80
80
80
80
80
80
80
80
80
80
80
80
80
ENDCHAR
STARTCHAR rtblock
ENCODING 9616
SWIDTH 500 0
DWIDTH 8 0
BBX 8 16 0 -4
BITMAP
0F
0F
0F
0F
0F
0F
0F
0F
0F
0F
0F
0F
0F
0F
0F
0F
ENDCHAR
STARTCHAR ltshade
ENCODING 9617
SWIDTH 500 0
DWIDTH 8 0
BBX 8 16 0 -4
BITMAP
88
22
88
22
88
22
88
22
88
22
88
22
88
22
88
22
ENDCHAR
STARTCHAR shade
ENCODING 9618
SWIDTH 500 0
DWIDTH 8 0
BBX 8 16 0 -4
BITMAP
AA
55
AA
55
AA
55
AA
55
AA
55
AA
55
AA
55
AA
55
ENDCHAR
STARTCHAR dkshade
ENCODING 9619
SWIDTH 500 0
DWIDTH 8 0
BBX 8 16 0 -4
BITMAP
EE
BB
EE
BB
EE
BB
EE
BB
EE
BB
EE
BB
EE
BB
EE
BB
ENDCHAR
STARTCHAR char9620
ENCODING 9620
SWIDTH 500 0
DWIDTH 8 0
BBX 8 16 0 -4
BITMAP
FF
FF
00
00
00
00
00
00
00
00
00
00
00
00
00
00
ENDCHAR
STARTCHAR char9621
ENCODING 9621
SWIDTH 500 0
DWIDTH 8 0
BBX 8 16 0 -4
BITMAP
03
03
03
03
03
03
03
03
03
03
03
03
03
03
03
03
ENDCHAR
STARTCHAR char9622
ENCODING 9622
SWIDTH 500 0
DWIDTH 8 0
BBX 8 16 0 -4
BITMAP
00
00
00
00
00
00
00
00
F0
F0
F0
F0
F0
F0
F0
F0
ENDCHAR
STARTCHAR char9623
ENCODING 9623
SWIDTH 500 0
DWIDTH 8 0
BBX 8 16 0 -4
BITMAP
00
00
00
00
00
00
00
00
0F
0F
0F
0F
0F
0F
0F
0F
ENDCHAR
STARTCHAR char9624
ENCODING 9624
SWIDTH 500 0
DWIDTH 8 0
BBX 8 16 0 -4
BITMAP
F0
F0
F0
F0
F0
F0
F0
F0
00
00
00
00
00
00
00
00
ENDCHAR
STARTCHAR char9625
ENCODING 9625
SWIDTH 500 0
DWIDTH 8 0
BBX 8 16 0 -4
BITMAP
F0
F0
F0
F0
F0
F0
F0
F0
FF
FF
FF
FF
FF
FF
FF
FF
ENDCHAR
STARTCHAR char9626
ENCODING 9626
SWIDTH 500 0
DWIDTH 8 0
BBX 8 16 0 -4
BITMAP
F0
F0
F0
F0
F0
F0
F0
F0
0F
0F
0F
0F
0F
0F
0F
0F
ENDCHAR
STARTCHAR char9627
ENCODING 9627
SWIDTH 500 0
DWIDTH 8 0
BBX 8 16 0 -4
BITMAP
FF
FF
FF
FF
FF
FF
FF
FF
F0
F0
F0
F0
F0
F0
F0
F0
ENDCHAR
STARTCHAR char9628
ENCODING 9628
SWIDTH 500 0
DWIDTH 8 0
BBX 8 16 0 -4
BITMAP
FF
FF
FF
FF
FF
FF
FF
FF
0F
0F
0F
0F
0F
0F
0F
0F
ENDCHAR
STARTCHAR char9629
ENCODING 9629
SWIDTH 500 0
DWIDTH 8 0
BBX 8 16 0 -4
BITMAP
0F
0F
0F
0F
0F
0F
0F
0F
00
00
00
00
00
00
00
00
ENDCHAR
STARTCHAR char9630
ENCODING 9630
SWIDTH 500 0
DWIDTH 8 0
BBX 8 16 0 -4
BITMAP
0F
0F
0F
0F
0F
0F
0F
0F
F0
F0
F0
F0
F0
F0
F0
F0
ENDCHAR
STARTCHAR char9631
ENCODING 9631
SWIDTH 500 0
DWIDTH 8 0
BBX 8 16 0 -4
BITMAP
0F
0F
0F
0F
0F
0F
0F
0F
FF
FF
FF
FF
FF
FF
FF
FF
ENDCHAR
STARTCHAR filledbox
ENCODING 9632
SWIDTH 500 0
DWIDTH 8 0
BBX 8 16 0 -4
BITMAP
00
00
00
00
00
7C
7C
7C
7C
7C
00
00
00
00
00
00
ENDCHAR
STARTCHAR uni25A1
ENCODING 9633
SWIDTH 500 0
DWIDTH 8 0
BBX 8 16 0 -4
BITMAP
00
00
00
00
00
7C
44
44
44
7C
00
00
00
00
00
00
ENDCHAR
STARTCHAR filledrect
ENCODING 9644
SWIDTH 500 0
DWIDTH 8 0
BBX 8 16 0 -4
BITMAP
00
00
00
00
00
00
00
00
7E
7E
7E
7E
00
00
00
00
ENDCHAR
STARTCHAR uni25AE
ENCODING 9646
SWIDTH 500 0
DWIDTH 8 0
BBX 8 16 0 -4
BITMAP
00
00
7E
7E
7E
7E
7E
7E
7E
7E
7E
7E
00
00
00
00
ENDCHAR
STARTCHAR triagup
ENCODING 9650
SWIDTH 500 0
DWIDTH 8 0
BBX 8 16 0 -4
BITMAP
00
00
00
00
10
10
38
38
7C
7C
FE
FE
00
00
00
00
ENDCHAR
STARTCHAR uni25B4
ENCODING 9652
SWIDTH 500 0
DWIDTH 8 0
BBX 8 16 0 -4
BITMAP
00
00
00
00
00
00
10
38
7C
FE
00
00
00
00
00
00
ENDCHAR
STARTCHAR uni25B6
ENCODING 9654
SWIDTH 500 0
DWIDTH 8 0
BBX 8 16 0 -4
BITMAP
00
00
40
60
70
78
7C
7E
7C
78
70
60
40
00
00
00
ENDCHAR
STARTCHAR uni25BA
ENCODING 9658
SWIDTH 500 0
DWIDTH 8 0
BBX 8 16 0 -4
BITMAP
00
00
00
00
C0
F0
FC
FF
FC
F0
C0
00
00
00
00
00
ENDCHAR
STARTCHAR triagdn
ENCODING 9660
SWIDTH 500 0
DWIDTH 8 0
BBX 8 16 0 -4
BITMAP
00
00
00
00
FE
FE
7C
7C
38
38
10
10
00
00
00
00
ENDCHAR
STARTCHAR uni25BE
ENCODING 9662
SWIDTH 500 0
DWIDTH 8 0
BBX 8 16 0 -4
BITMAP
00
00
00
00
00
00
FE
7C
38
10
00
00
00
00
00
00
ENDCHAR
STARTCHAR uni25C0
ENCODING 9664
SWIDTH 500 0
DWIDTH 8 0
BBX 8 16 0 -4
BITMAP
00
00
02
06
0E
1E
3E
7E
3E
1E
0E
06
02
00
00
00
ENDCHAR
STARTCHAR uni25C4
ENCODING 9668
SWIDTH 500 0
DWIDTH 8 0
BBX 8 16 0 -4
BITMAP
00
00
00
00
03
0F
3F
FF
3F
0F
03
00
00
00
00
00
ENDCHAR
STARTCHAR blackdiamond
ENCODING 9670
SWIDTH 500 0
DWIDTH 8 0
BBX 8 16 0 -4
BITMAP
00
00
00
00
10
38
7C
FE
7C
38
10
00
00
00
00
00
ENDCHAR
STARTCHAR uni25C8
ENCODING 9672
SWIDTH 500 0
DWIDTH 8 0
BBX 8 16 0 -4
BITMAP
00
00
00
00
10
28
54
BA
54
28
10
00
00
00
00
00
ENDCHAR
STARTCHAR lozenge
ENCODING 9674
SWIDTH 500 0
DWIDTH 8 0
BBX 8 16 0 -4
BITMAP
00
00
00
00
10
28
44
82
44
28
10
00
00
00
00
00
ENDCHAR
STARTCHAR circle
ENCODING 9675
SWIDTH 500 0
DWIDTH 8 0
BBX 8 16 0 -4
BITMAP
00
00
00
00
00
38
44
44
44
38
00
00
00
00
00
00
ENDCHAR
STARTCHAR circlesolid
ENCODING 9679
SWIDTH 500 0
DWIDTH 8 0
BBX 8 16 0 -4
BITMAP
00
00
00
00
00
38
7C
7C
7C
38
00
00
00
00
00
00
ENDCHAR
STARTCHAR invbullet
ENCODING 9688
SWIDTH 500 0
DWIDTH 8 0
BBX 8 16 0 -4
BITMAP
FF
FF
FF
FF
FF
FF
E7
C3
C3
E7
FF
FF
FF
FF
FF
FF
ENDCHAR
STARTCHAR invcircle
ENCODING 9689
SWIDTH 500 0
DWIDTH 8 0
BBX 8 16 0 -4
BITMAP
FF
FF
FF
FF
FF
FF
E7
DB
DB
E7
FF
FF
FF
FF
FF
FF
ENDCHAR
STARTCHAR char9733
ENCODING 9733
SWIDTH 500 0
DWIDTH 8 0
BBX 8 16 0 -4
BITMAP
00
00
00
00
10
10
FE
38
38
44
00
00
00
00
00
00
ENDCHAR
STARTCHAR char9734
ENCODING 9734
SWIDTH 500 0
DWIDTH 8 0
BBX 8 16 0 -4
BITMAP
00
00
00
00
10
10
EE
28
38
44
00
00
00
00
00
00
ENDCHAR
STARTCHAR smileface
ENCODING 9786
SWIDTH 500 0
DWIDTH 8 0
BBX 8 16 0 -4
BITMAP
00
00
7C
82
AA
82
82
BA
92
82
82
7C
00
00
00
00
ENDCHAR
STARTCHAR invsmileface
ENCODING 9787
SWIDTH 500 0
DWIDTH 8 0
BBX 8 16 0 -4
BITMAP
00
00
7C
FE
D6
FE
FE
C6
EE
FE
FE
7C
00
00
00
00
ENDCHAR
STARTCHAR sun
ENCODING 9788
SWIDTH 500 0
DWIDTH 8 0
BBX 8 16 0 -4
BITMAP
00
00
00
10
10
D6
38
EE
38
D6
10
10
00
00
00
00
ENDCHAR
STARTCHAR female
ENCODING 9792
SWIDTH 500 0
DWIDTH 8 0
BBX 8 16 0 -4
BITMAP
00
00
38
44
44
44
44
38
10
7C
10
10
00
00
00
00
ENDCHAR
STARTCHAR male
ENCODING 9794
SWIDTH 500 0
DWIDTH 8 0
BBX 8 16 0 -4
BITMAP
00
00
1E
06
0A
12
38
44
44
44
44
38
00
00
00
00
ENDCHAR
STARTCHAR spade
ENCODING 9824
SWIDTH 500 0
DWIDTH 8 0
BBX 8 16 0 -4
BITMAP
00
00
10
10
38
7C
FE
FE
7C
10
10
38
00
00
00
00
ENDCHAR
STARTCHAR club
ENCODING 9827
SWIDTH 500 0
DWIDTH 8 0
BBX 8 16 0 -4
BITMAP
00
00
10
38
38
10
54
FE
FE
54
10
38
00
00
00
00
ENDCHAR
STARTCHAR heart
ENCODING 9829
SWIDTH 500 0
DWIDTH 8 0
BBX 8 16 0 -4
BITMAP
00
00
00
00
6C
FE
FE
FE
FE
7C
38
10
00
00
00
00
ENDCHAR
STARTCHAR diamond
ENCODING 9830
SWIDTH 500 0
DWIDTH 8 0
BBX 8 16 0 -4
BITMAP
00
00
00
00
10
38
7C
FE
7C
38
10
00
00
00
00
00
ENDCHAR
STARTCHAR musicalnote
ENCODING 9834
SWIDTH 500 0
DWIDTH 8 0
BBX 8 16 0 -4
BITMAP
00
00
3E
22
3E
20
20
20
20
20
20
C0
00
00
00
00
ENDCHAR
STARTCHAR musicalnotedbl
ENCODING 9835
SWIDTH 500 0
DWIDTH 8 0
BBX 8 16 0 -4
BITMAP
00
00
7E
42
7E
42
42
42
42
42
42
44
80
00
00
00
ENDCHAR
STARTCHAR char9881
ENCODING 9881
SWIDTH 500 0
DWIDTH 8 0
BBX 8 16 0 -4
BITMAP
00
24
81
5A
A5
42
DB
42
A5
5A
81
24
00
00
00
00
ENDCHAR
STARTCHAR char9889
ENCODING 9889
SWIDTH 500 0
DWIDTH 8 0
BBX 8 16 0 -4
BITMAP
00
02
0C
18
30
70
3C
0E
0C
18
30
40
00
00
00
00
ENDCHAR
STARTCHAR uni2713
ENCODING 10003
SWIDTH 500 0
DWIDTH 8 0
BBX 8 16 0 -4
BITMAP
00
00
00
00
02
02
04
04
48
28
10
10
00
00
00
00
ENDCHAR
STARTCHAR uni2714
ENCODING 10004
SWIDTH 500 0
DWIDTH 8 0
BBX 8 16 0 -4
BITMAP
00
00
00
00
06
06
0C
0C
D8
78
30
30
00
00
00
00
ENDCHAR
STARTCHAR uni2717
ENCODING 10007
SWIDTH 500 0
DWIDTH 8 0
BBX 8 16 0 -4
BITMAP
00
00
04
44
28
18
18
14
22
20
40
40
00
00
00
00
ENDCHAR
STARTCHAR uni2718
ENCODING 10008
SWIDTH 500 0
DWIDTH 8 0
BBX 8 16 0 -4
BITMAP
00
00
0C
CC
78
38
38
3C
66
60
C0
C0
00
00
00
00
ENDCHAR
STARTCHAR char10150
ENCODING 10150
SWIDTH 500 0
DWIDTH 8 0
BBX 8 16 0 -4
BITMAP
00
00
00
00
00
08
0C
7E
FE
8C
08
00
00
00
00
00
ENDCHAR
STARTCHAR uni27E8
ENCODING 10216
SWIDTH 500 0
DWIDTH 8 0
BBX 8 16 0 -4
BITMAP
00
00
08
08
10
10
20
20
10
10
08
08
00
00
00
00
ENDCHAR
STARTCHAR uni27E9
ENCODING 10217
SWIDTH 500 0
DWIDTH 8 0
BBX 8 16 0 -4
BITMAP
00
00
20
20
10
10
08
08
10
10
20
20
00
00
00
00
ENDCHAR
STARTCHAR uni27EA
ENCODING 10218
SWIDTH 500 0
DWIDTH 8 0
BBX 8 16 0 -4
BITMAP
00
00
12
12
24
24
48
48
24
24
12
12
00
00
00
00
ENDCHAR
STARTCHAR uni27EB
ENCODING 10219
SWIDTH 500 0
DWIDTH 8 0
BBX 8 16 0 -4
BITMAP
00
00
48
48
24
24
12
12
24
24
48
48
00
00
00
00
ENDCHAR
STARTCHAR char10240
ENCODING 10240
SWIDTH 500 0
DWIDTH 8 0
BBX 8 16 0 -4
BITMAP
00
00
00
00
00
00
00
00
00
00
00
00
00
00
00
00
ENDCHAR
STARTCHAR char10241
ENCODING 10241
SWIDTH 500 0
DWIDTH 8 0
BBX 8 16 0 -4
BITMAP
00
00
60
60
00
00
00
00
00
00
00
00
00
00
00
00
ENDCHAR
STARTCHAR char10242
ENCODING 10242
SWIDTH 500 0
DWIDTH 8 0
BBX 8 16 0 -4
BITMAP
00
00
00
00
00
60
60
00
00
00
00
00
00
00
00
00
ENDCHAR
STARTCHAR char10243
ENCODING 10243
SWIDTH 500 0
DWIDTH 8 0
BBX 8 16 0 -4
BITMAP
00
00
60
60
00
60
60
00
00
00
00
00
00
00
00
00
ENDCHAR
STARTCHAR char10244
ENCODING 10244
SWIDTH 500 0
DWIDTH 8 0
BBX 8 16 0 -4
BITMAP
00
00
00
00
00
00
00
00
60
60
00
00
00
00
00
00
ENDCHAR
STARTCHAR char10245
ENCODING 10245
SWIDTH 500 0
DWIDTH 8 0
BBX 8 16 0 -4
BITMAP
00
00
60
60
00
00
00
00
60
60
00
00
00
00
00
00
ENDCHAR
STARTCHAR char10246
ENCODING 10246
SWIDTH 500 0
DWIDTH 8 0
BBX 8 16 0 -4
BITMAP
00
00
00
00
00
60
60
00
60
60
00
00
00
00
00
00
ENDCHAR
STARTCHAR char10247
ENCODING 10247
SWIDTH 500 0
DWIDTH 8 0
BBX 8 16 0 -4
BITMAP
00
00
60
60
00
60
60
00
60
60
00
00
00
00
00
00
ENDCHAR
STARTCHAR char10248
ENCODING 10248
SWIDTH 500 0
DWIDTH 8 0
BBX 8 16 0 -4
BITMAP
00
00
0C
0C
00
00
00
00
00
00
00
00
00
00
00
00
ENDCHAR
STARTCHAR char10249
ENCODING 10249
SWIDTH 500 0
DWIDTH 8 0
BBX 8 16 0 -4
BITMAP
00
00
6C
6C
00
00
00
00
00
00
00
00
00
00
00
00
ENDCHAR
STARTCHAR char10250
ENCODING 10250
SWIDTH 500 0
DWIDTH 8 0
BBX 8 16 0 -4
BITMAP
00
00
0C
0C
00
60
60
00
00
00
00
00
00
00
00
00
ENDCHAR
STARTCHAR char10251
ENCODING 10251
SWIDTH 500 0
DWIDTH 8 0
BBX 8 16 0 -4
BITMAP
00
00
6C
6C
00
60
60
00
00
00
00
00
00
00
00
00
ENDCHAR
STARTCHAR char10252
ENCODING 10252
SWIDTH 500 0
DWIDTH 8 0
BBX 8 16 0 -4
BITMAP
00
00
0C
0C
00
00
00
00
60
60
00
00
00
00
00
00
ENDCHAR
STARTCHAR char10253
ENCODING 10253
SWIDTH 500 0
DWIDTH 8 0
BBX 8 16 0 -4
BITMAP
00
00
6C
6C
00
00
00
00
60
60
00
00
00
00
00
00
ENDCHAR
STARTCHAR char10254
ENCODING 10254
SWIDTH 500 0
DWIDTH 8 0
BBX 8 16 0 -4
BITMAP
00
00
0C
0C
00
60
60
00
60
60
00
00
00
00
00
00
ENDCHAR
STARTCHAR char10255
ENCODING 10255
SWIDTH 500 0
DWIDTH 8 0
BBX 8 16 0 -4
BITMAP
00
00
6C
6C
00
60
60
00
60
60
00
00
00
00
00
00
ENDCHAR
STARTCHAR char10256
ENCODING 10256
SWIDTH 500 0
DWIDTH 8 0
BBX 8 16 0 -4
BITMAP
00
00
00
00
00
0C
0C
00
00
00
00
00
00
00
00
00
ENDCHAR
STARTCHAR char10257
ENCODING 10257
SWIDTH 500 0
DWIDTH 8 0
BBX 8 16 0 -4
BITMAP
00
00
60
60
00
0C
0C
00
00
00
00
00
00
00
00
00
ENDCHAR
STARTCHAR char10258
ENCODING 10258
SWIDTH 500 0
DWIDTH 8 0
BBX 8 16 0 -4
BITMAP
00
00
00
00
00
6C
6C
00
00
00
00
00
00
00
00
00
ENDCHAR
STARTCHAR char10259
ENCODING 10259
SWIDTH 500 0
DWIDTH 8 0
BBX 8 16 0 -4
BITMAP
00
00
60
60
00
6C
6C
00
00
00
00
00
00
00
00
00
ENDCHAR
STARTCHAR char10260
ENCODING 10260
SWIDTH 500 0
DWIDTH 8 0
BBX 8 16 0 -4
BITMAP
00
00
00
00
00
0C
0C
00
60
60
00
00
00
00
00
00
ENDCHAR
STARTCHAR char10261
ENCODING 10261
SWIDTH 500 0
DWIDTH 8 0
BBX 8 16 0 -4
BITMAP
00
00
60
60
00
0C
0C
00
60
60
00
00
00
00
00
00
ENDCHAR
STARTCHAR char10262
ENCODING 10262
SWIDTH 500 0
DWIDTH 8 0
BBX 8 16 0 -4
BITMAP
00
00
00
00
00
6C
6C
00
60
60
00
00
00
00
00
00
ENDCHAR
STARTCHAR char10263
ENCODING 10263
SWIDTH 500 0
DWIDTH 8 0
BBX 8 16 0 -4
BITMAP
00
00
60
60
00
6C
6C
00
60
60
00
00
00
00
00
00
ENDCHAR
STARTCHAR char10264
ENCODING 10264
SWIDTH 500 0
DWIDTH 8 0
BBX 8 16 0 -4
BITMAP
00
00
0C
0C
00
0C
0C
00
00
00
00
00
00
00
00
00
ENDCHAR
STARTCHAR char10265
ENCODING 10265
SWIDTH 500 0
DWIDTH 8 0
BBX 8 16 0 -4
BITMAP
00
00
6C
6C
00
0C
0C
00
00
00
00
00
00
00
00
00
ENDCHAR
STARTCHAR char10266
ENCODING 10266
SWIDTH 500 0
DWIDTH 8 0
BBX 8 16 0 -4
BITMAP
00
00
0C
0C
00
6C
6C
00
00
00
00
00
00
00
00
00
ENDCHAR
STARTCHAR char10267
ENCODING 10267
SWIDTH 500 0
DWIDTH 8 0
BBX 8 16 0 -4
BITMAP
00
00
6C
6C
00
6C
6C
00
00
00
00
00
00
00
00
00
ENDCHAR
STARTCHAR char10268
ENCODING 10268
SWIDTH 500 0
DWIDTH 8 0
BBX 8 16 0 -4
BITMAP
00
00
0C
0C
00
0C
0C
00
60
60
00
00
00
00
00
00
ENDCHAR
STARTCHAR char10269
ENCODING 10269
SWIDTH 500 0
DWIDTH 8 0
BBX 8 16 0 -4
BITMAP
00
00
6C
6C
00
0C
0C
00
60
60
00
00
00
00
00
00
ENDCHAR
STARTCHAR char10270
ENCODING 10270
SWIDTH 500 0
DWIDTH 8 0
BBX 8 16 0 -4
BITMAP
00
00
0C
0C
00
6C
6C
00
60
60
00
00
00
00
00
00
ENDCHAR
STARTCHAR char10271
ENCODING 10271
SWIDTH 500 0
DWIDTH 8 0
BBX 8 16 0 -4
BITMAP
00
00
6C
6C
00
6C
6C
00
60
60
00
00
00
00
00
00
ENDCHAR
STARTCHAR char10272
ENCODING 10272
SWIDTH 500 0
DWIDTH 8 0
BBX 8 16 0 -4
BITMAP
00
00
00
00
00
00
00
00
0C
0C
00
00
00
00
00
00
ENDCHAR
STARTCHAR char10273
ENCODING 10273
SWIDTH 500 0
DWIDTH 8 0
BBX 8 16 0 -4
BITMAP
00
00
60
60
00
00
00
00
0C
0C
00
00
00
00
00
00
ENDCHAR
STARTCHAR char10274
ENCODING 10274
SWIDTH 500 0
DWIDTH 8 0
BBX 8 16 0 -4
BITMAP
00
00
00
00
00
60
60
00
0C
0C
00
00
00
00
00
00
ENDCHAR
STARTCHAR char10275
ENCODING 10275
SWIDTH 500 0
DWIDTH 8 0
BBX 8 16 0 -4
BITMAP
00
00
60
60
00
60
60
00
0C
0C
00
00
00
00
00
00
ENDCHAR
STARTCHAR char10276
ENCODING 10276
SWIDTH 500 0
DWIDTH 8 0
BBX 8 16 0 -4
BITMAP
00
00
00
00
00
00
00
00
6C
6C
00
00
00
00
00
00
ENDCHAR
STARTCHAR char10277
ENCODING 10277
SWIDTH 500 0
DWIDTH 8 0
BBX 8 16 0 -4
BITMAP
00
00
60
60
00
00
00
00
6C
6C
00
00
00
00
00
00
ENDCHAR
STARTCHAR char10278
ENCODING 10278
SWIDTH 500 0
DWIDTH 8 0
BBX 8 16 0 -4
BITMAP
00
00
00
00
00
60
60
00
6C
6C
00
00
00
00
00
00
ENDCHAR
STARTCHAR char10279
ENCODING 10279
SWIDTH 500 0
DWIDTH 8 0
BBX 8 16 0 -4
BITMAP
00
00
60
60
00
60
60
00
6C
6C
00
00
00
00
00
00
ENDCHAR
STARTCHAR char10280
ENCODING 10280
SWIDTH 500 0
DWIDTH 8 0
BBX 8 16 0 -4
BITMAP
00
00
0C
0C
00
00
00
00
0C
0C
00
00
00
00
00
00
ENDCHAR
STARTCHAR char10281
ENCODING 10281
SWIDTH 500 0
DWIDTH 8 0
BBX 8 16 0 -4
BITMAP
00
00
6C
6C
00
00
00
00
0C
0C
00
00
00
00
00
00
ENDCHAR
STARTCHAR char10282
ENCODING 10282
SWIDTH 500 0
DWIDTH 8 0
BBX 8 16 0 -4
BITMAP
00
00
0C
0C
00
60
60
00
0C
0C
00
00
00
00
00
00
ENDCHAR
STARTCHAR char10283
ENCODING 10283
SWIDTH 500 0
DWIDTH 8 0
BBX 8 16 0 -4
BITMAP
00
00
6C
6C
00
60
60
00
0C
0C
00
00
00
00
00
00
ENDCHAR
STARTCHAR char10284
ENCODING 10284
SWIDTH 500 0
DWIDTH 8 0
BBX 8 16 0 -4
BITMAP
00
00
0C
0C
00
00
00
00
6C
6C
00
00
00
00
00
00
ENDCHAR
STARTCHAR char10285
ENCODING 10285
SWIDTH 500 0
DWIDTH 8 0
BBX 8 16 0 -4
BITMAP
00
00
6C
6C
00
00
00
00
6C
6C
00
00
00
00
00
00
ENDCHAR
STARTCHAR char10286
ENCODING 10286
SWIDTH 500 0
DWIDTH 8 0
BBX 8 16 0 -4
BITMAP
00
00
0C
0C
00
60
60
00
6C
6C
00
00
00
00
00
00
ENDCHAR
STARTCHAR char10287
ENCODING 10287
SWIDTH 500 0
DWIDTH 8 0
BBX 8 16 0 -4
BITMAP
00
00
6C
6C
00
60
60
00
6C
6C
00
00
00
00
00
00
ENDCHAR
STARTCHAR char10288
ENCODING 10288
SWIDTH 500 0
DWIDTH 8 0
BBX 8 16 0 -4
BITMAP
00
00
00
00
00
0C
0C
00
0C
0C
00
00
00
00
00
00
ENDCHAR
STARTCHAR char10289
ENCODING 10289
SWIDTH 500 0
DWIDTH 8 0
BBX 8 16 0 -4
BITMAP
00
00
60
60
00
0C
0C
00
0C
0C
00
00
00
00
00
00
ENDCHAR
STARTCHAR char10290
ENCODING 10290
SWIDTH 500 0
DWIDTH 8 0
BBX 8 16 0 -4
BITMAP
00
00
00
00
00
6C
6C
00
0C
0C
00
00
00
00
00
00
ENDCHAR
STARTCHAR char10291
ENCODING 10291
SWIDTH 500 0
DWIDTH 8 0
BBX 8 16 0 -4
BITMAP
00
00
60
60
00
6C
6C
00
0C
0C
00
00
00
00
00
00
ENDCHAR
STARTCHAR char10292
ENCODING 10292
SWIDTH 500 0
DWIDTH 8 0
BBX 8 16 0 -4
BITMAP
00
00
00
00
00
0C
0C
00
6C
6C
00
00
00
00
00
00
ENDCHAR
STARTCHAR char10293
ENCODING 10293
SWIDTH 500 0
DWIDTH 8 0
BBX 8 16 0 -4
BITMAP
00
00
60
60
00
0C
0C
00
6C
6C
00
00
00
00
00
00
ENDCHAR
STARTCHAR char10294
ENCODING 10294
SWIDTH 500 0
DWIDTH 8 0
BBX 8 16 0 -4
BITMAP
00
00
00
00
00
6C
6C
00
6C
6C
00
00
00
00
00
00
ENDCHAR
STARTCHAR char10295
ENCODING 10295
SWIDTH 500 0
DWIDTH 8 0
BBX 8 16 0 -4
BITMAP
00
00
60
60
00
6C
6C
00
6C
6C
00
00
00
00
00
00
ENDCHAR
STARTCHAR char10296
ENCODING 10296
SWIDTH 500 0
DWIDTH 8 0
BBX 8 16 0 -4
BITMAP
00
00
0C
0C
00
0C
0C
00
0C
0C
00
00
00
00
00
00
ENDCHAR
STARTCHAR char10297
ENCODING 10297
SWIDTH 500 0
DWIDTH 8 0
BBX 8 16 0 -4
BITMAP
00
00
6C
6C
00
0C
0C
00
0C
0C
00
00
00
00
00
00
ENDCHAR
STARTCHAR char10298
ENCODING 10298
SWIDTH 500 0
DWIDTH 8 0
BBX 8 16 0 -4
BITMAP
00
00
0C
0C
00
6C
6C
00
0C
0C
00
00
00
00
00
00
ENDCHAR
STARTCHAR char10299
ENCODING 10299
SWIDTH 500 0
DWIDTH 8 0
BBX 8 16 0 -4
BITMAP
00
00
6C
6C
00
6C
6C
00
0C
0C
00
00
00
00
00
00
ENDCHAR
STARTCHAR char10300
ENCODING 10300
SWIDTH 500 0
DWIDTH 8 0
BBX 8 16 0 -4
BITMAP
00
00
0C
0C
00
0C
0C
00
6C
6C
00
00
00
00
00
00
ENDCHAR
STARTCHAR char10301
ENCODING 10301
SWIDTH 500 0
DWIDTH 8 0
BBX 8 16 0 -4
BITMAP
00
00
6C
6C
00
0C
0C
00
6C
6C
00
00
00
00
00
00
ENDCHAR
STARTCHAR char10302
ENCODING 10302
SWIDTH 500 0
DWIDTH 8 0
BBX 8 16 0 -4
BITMAP
00
00
0C
0C
00
6C
6C
00
6C
6C
00
00
00
00
00
00
ENDCHAR
STARTCHAR char10303
ENCODING 10303
SWIDTH 500 0
DWIDTH 8 0
BBX 8 16 0 -4
BITMAP
00
00
6C
6C
00
6C
6C
00
6C
6C
00
00
00
00
00
00
ENDCHAR
STARTCHAR char10304
ENCODING 10304
SWIDTH 500 0
DWIDTH 8 0
BBX 8 16 0 -4
BITMAP
00
00
00
00
00
00
00
00
00
00
00
60
60
00
00
00
ENDCHAR
STARTCHAR char10305
ENCODING 10305
SWIDTH 500 0
DWIDTH 8 0
BBX 8 16 0 -4
BITMAP
00
00
60
60
00
00
00
00
00
00
00
60
60
00
00
00
ENDCHAR
STARTCHAR char10306
ENCODING 10306
SWIDTH 500 0
DWIDTH 8 0
BBX 8 16 0 -4
BITMAP
00
00
00
00
00
60
60
00
00
00
00
60
60
00
00
00
ENDCHAR
STARTCHAR char10307
ENCODING 10307
SWIDTH 500 0
DWIDTH 8 0
BBX 8 16 0 -4
BITMAP
00
00
60
60
00
60
60
00
00
00
00
60
60
00
00
00
ENDCHAR
STARTCHAR char10308
ENCODING 10308
SWIDTH 500 0
DWIDTH 8 0
BBX 8 16 0 -4
BITMAP
00
00
00
00
00
00
00
00
60
60
00
60
60
00
00
00
ENDCHAR
STARTCHAR char10309
ENCODING 10309
SWIDTH 500 0
DWIDTH 8 0
BBX 8 16 0 -4
BITMAP
00
00
60
60
00
00
00
00
60
60
00
60
60
00
00
00
ENDCHAR
STARTCHAR char10310
ENCODING 10310
SWIDTH 500 0
DWIDTH 8 0
BBX 8 16 0 -4
BITMAP
00
00
00
00
00
60
60
00
60
60
00
60
60
00
00
00
ENDCHAR
STARTCHAR char10311
ENCODING 10311
SWIDTH 500 0
DWIDTH 8 0
BBX 8 16 0 -4
BITMAP
00
00
60
60
00
60
60
00
60
60
00
60
60
00
00
00
ENDCHAR
STARTCHAR char10312
ENCODING 10312
SWIDTH 500 0
DWIDTH 8 0
BBX 8 16 0 -4
BITMAP
00
00
0C
0C
00
00
00
00
00
00
00
60
60
00
00
00
ENDCHAR
STARTCHAR char10313
ENCODING 10313
SWIDTH 500 0
DWIDTH 8 0
BBX 8 16 0 -4
BITMAP
00
00
6C
6C
00
00
00
00
00
00
00
60
60
00
00
00
ENDCHAR
STARTCHAR char10314
ENCODING 10314
SWIDTH 500 0
DWIDTH 8 0
BBX 8 16 0 -4
BITMAP
00
00
0C
0C
00
60
60
00
00
00
00
60
60
00
00
00
ENDCHAR
STARTCHAR char10315
ENCODING 10315
SWIDTH 500 0
DWIDTH 8 0
BBX 8 16 0 -4
BITMAP
00
00
6C
6C
00
60
60
00
00
00
00
60
60
00
00
00
ENDCHAR
STARTCHAR char10316
ENCODING 10316
SWIDTH 500 0
DWIDTH 8 0
BBX 8 16 0 -4
BITMAP
00
00
0C
0C
00
00
00
00
60
60
00
60
60
00
00
00
ENDCHAR
STARTCHAR char10317
ENCODING 10317
SWIDTH 500 0
DWIDTH 8 0
BBX 8 16 0 -4
BITMAP
00
00
6C
6C
00
00
00
00
60
60
00
60
60
00
00
00
ENDCHAR
STARTCHAR char10318
ENCODING 10318
SWIDTH 500 0
DWIDTH 8 0
BBX 8 16 0 -4
BITMAP
00
00
0C
0C
00
60
60
00
60
60
00
60
60
00
00
00
ENDCHAR
STARTCHAR char10319
ENCODING 10319
SWIDTH 500 0
DWIDTH 8 0
BBX 8 16 0 -4
BITMAP
00
00
6C
6C
00
60
60
00
60
60
00
60
60
00
00
00
ENDCHAR
STARTCHAR char10320
ENCODING 10320
SWIDTH 500 0
DWIDTH 8 0
BBX 8 16 0 -4
BITMAP
00
00
00
00
00
0C
0C
00
00
00
00
60
60
00
00
00
ENDCHAR
STARTCHAR char10321
ENCODING 10321
SWIDTH 500 0
DWIDTH 8 0
BBX 8 16 0 -4
BITMAP
00
00
60
60
00
0C
0C
00
00
00
00
60
60
00
00
00
ENDCHAR
STARTCHAR char10322
ENCODING 10322
SWIDTH 500 0
DWIDTH 8 0
BBX 8 16 0 -4
BITMAP
00
00
00
00
00
6C
6C
00
00
00
00
60
60
00
00
00
ENDCHAR
STARTCHAR char10323
ENCODING 10323
SWIDTH 500 0
DWIDTH 8 0
BBX 8 16 0 -4
BITMAP
00
00
60
60
00
6C
6C
00
00
00
00
60
60
00
00
00
ENDCHAR
STARTCHAR char10324
ENCODING 10324
SWIDTH 500 0
DWIDTH 8 0
BBX 8 16 0 -4
BITMAP
00
00
00
00
00
0C
0C
00
60
60
00
60
60
00
00
00
ENDCHAR
STARTCHAR char10325
ENCODING 10325
SWIDTH 500 0
DWIDTH 8 0
BBX 8 16 0 -4
BITMAP
00
00
60
60
00
0C
0C
00
60
60
00
60
60
00
00
00
ENDCHAR
STARTCHAR char10326
ENCODING 10326
SWIDTH 500 0
DWIDTH 8 0
BBX 8 16 0 -4
BITMAP
00
00
00
00
00
6C
6C
00
60
60
00
60
60
00
00
00
ENDCHAR
STARTCHAR char10327
ENCODING 10327
SWIDTH 500 0
DWIDTH 8 0
BBX 8 16 0 -4
BITMAP
00
00
60
60
00
6C
6C
00
60
60
00
60
60
00
00
00
ENDCHAR
STARTCHAR char10328
ENCODING 10328
SWIDTH 500 0
DWIDTH 8 0
BBX 8 16 0 -4
BITMAP
00
00
0C
0C
00
0C
0C
00
00
00
00
60
60
00
00
00
ENDCHAR
STARTCHAR char10329
ENCODING 10329
SWIDTH 500 0
DWIDTH 8 0
BBX 8 16 0 -4
BITMAP
00
00
6C
6C
00
0C
0C
00
00
00
00
60
60
00
00
00
ENDCHAR
STARTCHAR char10330
ENCODING 10330
SWIDTH 500 0
DWIDTH 8 0
BBX 8 16 0 -4
BITMAP
00
00
0C
0C
00
6C
6C
00
00
00
00
60
60
00
00
00
ENDCHAR
STARTCHAR char10331
ENCODING 10331
SWIDTH 500 0
DWIDTH 8 0
BBX 8 16 0 -4
BITMAP
00
00
6C
6C
00
6C
6C
00
00
00
00
60
60
00
00
00
ENDCHAR
STARTCHAR char10332
ENCODING 10332
SWIDTH 500 0
DWIDTH 8 0
BBX 8 16 0 -4
BITMAP
00
00
0C
0C
00
0C
0C
00
60
60
00
60
60
00
00
00
ENDCHAR
STARTCHAR char10333
ENCODING 10333
SWIDTH 500 0
DWIDTH 8 0
BBX 8 16 0 -4
BITMAP
00
00
6C
6C
00
0C
0C
00
60
60
00
60
60
00
00
00
ENDCHAR
STARTCHAR char10334
ENCODING 10334
SWIDTH 500 0
DWIDTH 8 0
BBX 8 16 0 -4
BITMAP
00
00
0C
0C
00
6C
6C
00
60
60
00
60
60
00
00
00
ENDCHAR
STARTCHAR char10335
ENCODING 10335
SWIDTH 500 0
DWIDTH 8 0
BBX 8 16 0 -4
BITMAP
00
00
6C
6C
00
6C
6C
00
60
60
00
60
60
00
00
00
ENDCHAR
STARTCHAR char10336
ENCODING 10336
SWIDTH 500 0
DWIDTH 8 0
BBX 8 16 0 -4
BITMAP
00
00
00
00
00
00
00
00
0C
0C
00
60
60
00
00
00
ENDCHAR
STARTCHAR char10337
ENCODING 10337
SWIDTH 500 0
DWIDTH 8 0
BBX 8 16 0 -4
BITMAP
00
00
60
60
00
00
00
00
0C
0C
00
60
60
00
00
00
ENDCHAR
STARTCHAR char10338
ENCODING 10338
SWIDTH 500 0
DWIDTH 8 0
BBX 8 16 0 -4
BITMAP
00
00
00
00
00
60
60
00
0C
0C
00
60
60
00
00
00
ENDCHAR
STARTCHAR char10339
ENCODING 10339
SWIDTH 500 0
DWIDTH 8 0
BBX 8 16 0 -4
BITMAP
00
00
60
60
00
60
60
00
0C
0C
00
60
60
00
00
00
ENDCHAR
STARTCHAR char10340
ENCODING 10340
SWIDTH 500 0
DWIDTH 8 0
BBX 8 16 0 -4
BITMAP
00
00
00
00
00
00
00
00
6C
6C
00
60
60
00
00
00
ENDCHAR
STARTCHAR char10341
ENCODING 10341
SWIDTH 500 0
DWIDTH 8 0
BBX 8 16 0 -4
BITMAP
00
00
60
60
00
00
00
00
6C
6C
00
60
60
00
00
00
ENDCHAR
STARTCHAR char10342
ENCODING 10342
SWIDTH 500 0
DWIDTH 8 0
BBX 8 16 0 -4
BITMAP
00
00
00
00
00
60
60
00
6C
6C
00
60
60
00
00
00
ENDCHAR
STARTCHAR char10343
ENCODING 10343
SWIDTH 500 0
DWIDTH 8 0
BBX 8 16 0 -4
BITMAP
00
00
60
60
00
60
60
00
6C
6C
00
60
60
00
00
00
ENDCHAR
STARTCHAR char10344
ENCODING 10344
SWIDTH 500 0
DWIDTH 8 0
BBX 8 16 0 -4
BITMAP
00
00
0C
0C
00
00
00
00
0C
0C
00
60
60
00
00
00
ENDCHAR
STARTCHAR char10345
ENCODING 10345
SWIDTH 500 0
DWIDTH 8 0
BBX 8 16 0 -4
BITMAP
00
00
6C
6C
00
00
00
00
0C
0C
00
60
60
00
00
00
ENDCHAR
STARTCHAR char10346
ENCODING 10346
SWIDTH 500 0
DWIDTH 8 0
BBX 8 16 0 -4
BITMAP
00
00
0C
0C
00
60
60
00
0C
0C
00
60
60
00
00
00
ENDCHAR
STARTCHAR char10347
ENCODING 10347
SWIDTH 500 0
DWIDTH 8 0
BBX 8 16 0 -4
BITMAP
00
00
6C
6C
00
60
60
00
0C
0C
00
60
60
00
00
00
ENDCHAR
STARTCHAR char10348
ENCODING 10348
SWIDTH 500 0
DWIDTH 8 0
BBX 8 16 0 -4
BITMAP
00
00
0C
0C
00
00
00
00
6C
6C
00
60
60
00
00
00
ENDCHAR
STARTCHAR char10349
ENCODING 10349
SWIDTH 500 0
DWIDTH 8 0
BBX 8 16 0 -4
BITMAP
00
00
6C
6C
00
00
00
00
6C
6C
00
60
60
00
00
00
ENDCHAR
STARTCHAR char10350
ENCODING 10350
SWIDTH 500 0
DWIDTH 8 0
BBX 8 16 0 -4
BITMAP
00
00
0C
0C
00
60
60
00
6C
6C
00
60
60
00
00
00
ENDCHAR
STARTCHAR char10351
ENCODING 10351
SWIDTH 500 0
DWIDTH 8 0
BBX 8 16 0 -4
BITMAP
00
00
6C
6C
00
60
60
00
6C
6C
00
60
60
00
00
00
ENDCHAR
STARTCHAR char10352
ENCODING 10352
SWIDTH 500 0
DWIDTH 8 0
BBX 8 16 0 -4
BITMAP
00
00
00
00
00
0C
0C
00
0C
0C
00
60
60
00
00
00
ENDCHAR
STARTCHAR char10353
ENCODING 10353
SWIDTH 500 0
DWIDTH 8 0
BBX 8 16 0 -4
BITMAP
00
00
60
60
00
0C
0C
00
0C
0C
00
60
60
00
00
00
ENDCHAR
STARTCHAR char10354
ENCODING 10354
SWIDTH 500 0
DWIDTH 8 0
BBX 8 16 0 -4
BITMAP
00
00
00
00
00
6C
6C
00
0C
0C
00
60
60
00
00
00
ENDCHAR
STARTCHAR char10355
ENCODING 10355
SWIDTH 500 0
DWIDTH 8 0
BBX 8 16 0 -4
BITMAP
00
00
60
60
00
6C
6C
00
0C
0C
00
60
60
00
00
00
ENDCHAR
STARTCHAR char10356
ENCODING 10356
SWIDTH 500 0
DWIDTH 8 0
BBX 8 16 0 -4
BITMAP
00
00
00
00
00
0C
0C
00
6C
6C
00
60
60
00
00
00
ENDCHAR
STARTCHAR char10357
ENCODING 10357
SWIDTH 500 0
DWIDTH 8 0
BBX 8 16 0 -4
BITMAP
00
00
60
60
00
0C
0C
00
6C
6C
00
60
60
00
00
00
ENDCHAR
STARTCHAR char10358
ENCODING 10358
SWIDTH 500 0
DWIDTH 8 0
BBX 8 16 0 -4
BITMAP
00
00
00
00
00
6C
6C
00
6C
6C
00
60
60
00
00
00
ENDCHAR
STARTCHAR char10359
ENCODING 10359
SWIDTH 500 0
DWIDTH 8 0
BBX 8 16 0 -4
BITMAP
00
00
60
60
00
6C
6C
00
6C
6C
00
60
60
00
00
00
ENDCHAR
STARTCHAR char10360
ENCODING 10360
SWIDTH 500 0
DWIDTH 8 0
BBX 8 16 0 -4
BITMAP
00
00
0C
0C
00
0C
0C
00
0C
0C
00
60
60
00
00
00
ENDCHAR
STARTCHAR char10361
ENCODING 10361
SWIDTH 500 0
DWIDTH 8 0
BBX 8 16 0 -4
BITMAP
00
00
6C
6C
00
0C
0C
00
0C
0C
00
60
60
00
00
00
ENDCHAR
STARTCHAR char10362
ENCODING 10362
SWIDTH 500 0
DWIDTH 8 0
BBX 8 16 0 -4
BITMAP
00
00
0C
0C
00
6C
6C
00
0C
0C
00
60
60
00
00
00
ENDCHAR
STARTCHAR char10363
ENCODING 10363
SWIDTH 500 0
DWIDTH 8 0
BBX 8 16 0 -4
BITMAP
00
00
6C
6C
00
6C
6C
00
0C
0C
00
60
60
00
00
00
ENDCHAR
STARTCHAR char10364
ENCODING 10364
SWIDTH 500 0
DWIDTH 8 0
BBX 8 16 0 -4
BITMAP
00
00
0C
0C
00
0C
0C
00
6C
6C
00
60
60
00
00
00
ENDCHAR
STARTCHAR char10365
ENCODING 10365
SWIDTH 500 0
DWIDTH 8 0
BBX 8 16 0 -4
BITMAP
00
00
6C
6C
00
0C
0C
00
6C
6C
00
60
60
00
00
00
ENDCHAR
STARTCHAR char10366
ENCODING 10366
SWIDTH 500 0
DWIDTH 8 0
BBX 8 16 0 -4
BITMAP
00
00
0C
0C
00
6C
6C
00
6C
6C
00
60
60
00
00
00
ENDCHAR
STARTCHAR char10367
ENCODING 10367
SWIDTH 500 0
DWIDTH 8 0
BBX 8 16 0 -4
BITMAP
00
00
6C
6C
00
6C
6C
00
6C
6C
00
60
60
00
00
00
ENDCHAR
STARTCHAR char10368
ENCODING 10368
SWIDTH 500 0
DWIDTH 8 0
BBX 8 16 0 -4
BITMAP
00
00
00
00
00
00
00
00
00
00
00
0C
0C
00
00
00
ENDCHAR
STARTCHAR char10369
ENCODING 10369
SWIDTH 500 0
DWIDTH 8 0
BBX 8 16 0 -4
BITMAP
00
00
60
60
00
00
00
00
00
00
00
0C
0C
00
00
00
ENDCHAR
STARTCHAR char10370
ENCODING 10370
SWIDTH 500 0
DWIDTH 8 0
BBX 8 16 0 -4
BITMAP
00
00
00
00
00
60
60
00
00
00
00
0C
0C
00
00
00
ENDCHAR
STARTCHAR char10371
ENCODING 10371
SWIDTH 500 0
DWIDTH 8 0
BBX 8 16 0 -4
BITMAP
00
00
60
60
00
60
60
00
00
00
00
0C
0C
00
00
00
ENDCHAR
STARTCHAR char10372
ENCODING 10372
SWIDTH 500 0
DWIDTH 8 0
BBX 8 16 0 -4
BITMAP
00
00
00
00
00
00
00
00
60
60
00
0C
0C
00
00
00
ENDCHAR
STARTCHAR char10373
ENCODING 10373
SWIDTH 500 0
DWIDTH 8 0
BBX 8 16 0 -4
BITMAP
00
00
60
60
00
00
00
00
60
60
00
0C
0C
00
00
00
ENDCHAR
STARTCHAR char10374
ENCODING 10374
SWIDTH 500 0
DWIDTH 8 0
BBX 8 16 0 -4
BITMAP
00
00
00
00
00
60
60
00
60
60
00
0C
0C
00
00
00
ENDCHAR
STARTCHAR char10375
ENCODING 10375
SWIDTH 500 0
DWIDTH 8 0
BBX 8 16 0 -4
BITMAP
00
00
60
60
00
60
60
00
60
60
00
0C
0C
00
00
00
ENDCHAR
STARTCHAR char10376
ENCODING 10376
SWIDTH 500 0
DWIDTH 8 0
BBX 8 16 0 -4
BITMAP
00
00
0C
0C
00
00
00
00
00
00
00
0C
0C
00
00
00
ENDCHAR
STARTCHAR char10377
ENCODING 10377
SWIDTH 500 0
DWIDTH 8 0
BBX 8 16 0 -4
BITMAP
00
00
6C
6C
00
00
00
00
00
00
00
0C
0C
00
00
00
ENDCHAR
STARTCHAR char10378
ENCODING 10378
SWIDTH 500 0
DWIDTH 8 0
BBX 8 16 0 -4
BITMAP
00
00
0C
0C
00
60
60
00
00
00
00
0C
0C
00
00
00
ENDCHAR
STARTCHAR char10379
ENCODING 10379
SWIDTH 500 0
DWIDTH 8 0
BBX 8 16 0 -4
BITMAP
00
00
6C
6C
00
60
60
00
00
00
00
0C
0C
00
00
00
ENDCHAR
STARTCHAR char10380
ENCODING 10380
SWIDTH 500 0
DWIDTH 8 0
BBX 8 16 0 -4
BITMAP
00
00
0C
0C
00
00
00
00
60
60
00
0C
0C
00
00
00
ENDCHAR
STARTCHAR char10381
ENCODING 10381
SWIDTH 500 0
DWIDTH 8 0
BBX 8 16 0 -4
BITMAP
00
00
6C
6C
00
00
00
00
60
60
00
0C
0C
00
00
00
ENDCHAR
STARTCHAR char10382
ENCODING 10382
SWIDTH 500 0
DWIDTH 8 0
BBX 8 16 0 -4
BITMAP
00
00
0C
0C
00
60
60
00
60
60
00
0C
0C
00
00
00
ENDCHAR
STARTCHAR char10383
ENCODING 10383
SWIDTH 500 0
DWIDTH 8 0
BBX 8 16 0 -4
BITMAP
00
00
6C
6C
00
60
60
00
60
60
00
0C
0C
00
00
00
ENDCHAR
STARTCHAR char10384
ENCODING 10384
SWIDTH 500 0
DWIDTH 8 0
BBX 8 16 0 -4
BITMAP
00
00
00
00
00
0C
0C
00
00
00
00
0C
0C
00
00
00
ENDCHAR
STARTCHAR char10385
ENCODING 10385
SWIDTH 500 0
DWIDTH 8 0
BBX 8 16 0 -4
BITMAP
00
00
60
60
00
0C
0C
00
00
00
00
0C
0C
00
00
00
ENDCHAR
STARTCHAR char10386
ENCODING 10386
SWIDTH 500 0
DWIDTH 8 0
BBX 8 16 0 -4
BITMAP
00
00
00
00
00
6C
6C
00
00
00
00
0C
0C
00
00
00
ENDCHAR
STARTCHAR char10387
ENCODING 10387
SWIDTH 500 0
DWIDTH 8 0
BBX 8 16 0 -4
BITMAP
00
00
60
60
00
6C
6C
00
00
00
00
0C
0C
00
00
00
ENDCHAR
STARTCHAR char10388
ENCODING 10388
SWIDTH 500 0
DWIDTH 8 0
BBX 8 16 0 -4
BITMAP
00
00
00
00
00
0C
0C
00
60
60
00
0C
0C
00
00
00
ENDCHAR
STARTCHAR char10389
ENCODING 10389
SWIDTH 500 0
DWIDTH 8 0
BBX 8 16 0 -4
BITMAP
00
00
60
60
00
0C
0C
00
60
60
00
0C
0C
00
00
00
ENDCHAR
STARTCHAR char10390
ENCODING 10390
SWIDTH 500 0
DWIDTH 8 0
BBX 8 16 0 -4
BITMAP
00
00
00
00
00
6C
6C
00
60
60
00
0C
0C
00
00
00
ENDCHAR
STARTCHAR char10391
ENCODING 10391
SWIDTH 500 0
DWIDTH 8 0
BBX 8 16 0 -4
BITMAP
00
00
60
60
00
6C
6C
00
60
60
00
0C
0C
00
00
00
ENDCHAR
STARTCHAR char10392
ENCODING 10392
SWIDTH 500 0
DWIDTH 8 0
BBX 8 16 0 -4
BITMAP
00
00
0C
0C
00
0C
0C
00
00
00
00
0C
0C
00
00
00
ENDCHAR
STARTCHAR char10393
ENCODING 10393
SWIDTH 500 0
DWIDTH 8 0
BBX 8 16 0 -4
BITMAP
00
00
6C
6C
00
0C
0C
00
00
00
00
0C
0C
00
00
00
ENDCHAR
STARTCHAR char10394
ENCODING 10394
SWIDTH 500 0
DWIDTH 8 0
BBX 8 16 0 -4
BITMAP
00
00
0C
0C
00
6C
6C
00
00
00
00
0C
0C
00
00
00
ENDCHAR
STARTCHAR char10395
ENCODING 10395
SWIDTH 500 0
DWIDTH 8 0
BBX 8 16 0 -4
BITMAP
00
00
6C
6C
00
6C
6C
00
00
00
00
0C
0C
00
00
00
ENDCHAR
STARTCHAR char10396
ENCODING 10396
SWIDTH 500 0
DWIDTH 8 0
BBX 8 16 0 -4
BITMAP
00
00
0C
0C
00
0C
0C
00
60
60
00
0C
0C
00
00
00
ENDCHAR
STARTCHAR char10397
ENCODING 10397
SWIDTH 500 0
DWIDTH 8 0
BBX 8 16 0 -4
BITMAP
00
00
6C
6C
00
0C
0C
00
60
60
00
0C
0C
00
00
00
ENDCHAR
STARTCHAR char10398
ENCODING 10398
SWIDTH 500 0
DWIDTH 8 0
BBX 8 16 0 -4
BITMAP
00
00
0C
0C
00
6C
6C
00
60
60
00
0C
0C
00
00
00
ENDCHAR
STARTCHAR char10399
ENCODING 10399
SWIDTH 500 0
DWIDTH 8 0
BBX 8 16 0 -4
BITMAP
00
00
6C
6C
00
6C
6C
00
60
60
00
0C
0C
00
00
00
ENDCHAR
STARTCHAR char10400
ENCODING 10400
SWIDTH 500 0
DWIDTH 8 0
BBX 8 16 0 -4
BITMAP
00
00
00
00
00
00
00
00
0C
0C
00
0C
0C
00
00
00
ENDCHAR
STARTCHAR char10401
ENCODING 10401
SWIDTH 500 0
DWIDTH 8 0
BBX 8 16 0 -4
BITMAP
00
00
60
60
00
00
00
00
0C
0C
00
0C
0C
00
00
00
ENDCHAR
STARTCHAR char10402
ENCODING 10402
SWIDTH 500 0
DWIDTH 8 0
BBX 8 16 0 -4
BITMAP
00
00
00
00
00
60
60
00
0C
0C
00
0C
0C
00
00
00
ENDCHAR
STARTCHAR char10403
ENCODING 10403
SWIDTH 500 0
DWIDTH 8 0
BBX 8 16 0 -4
BITMAP
00
00
60
60
00
60
60
00
0C
0C
00
0C
0C
00
00
00
ENDCHAR
STARTCHAR char10404
ENCODING 10404
SWIDTH 500 0
DWIDTH 8 0
BBX 8 16 0 -4
BITMAP
00
00
00
00
00
00
00
00
6C
6C
00
0C
0C
00
00
00
ENDCHAR
STARTCHAR char10405
ENCODING 10405
SWIDTH 500 0
DWIDTH 8 0
BBX 8 16 0 -4
BITMAP
00
00
60
60
00
00
00
00
6C
6C
00
0C
0C
00
00
00
ENDCHAR
STARTCHAR char10406
ENCODING 10406
SWIDTH 500 0
DWIDTH 8 0
BBX 8 16 0 -4
BITMAP
00
00
00
00
00
60
60
00
6C
6C
00
0C
0C
00
00
00
ENDCHAR
STARTCHAR char10407
ENCODING 10407
SWIDTH 500 0
DWIDTH 8 0
BBX 8 16 0 -4
BITMAP
00
00
60
60
00
60
60
00
6C
6C
00
0C
0C
00
00
00
ENDCHAR
STARTCHAR char10408
ENCODING 10408
SWIDTH 500 0
DWIDTH 8 0
BBX 8 16 0 -4
BITMAP
00
00
0C
0C
00
00
00
00
0C
0C
00
0C
0C
00
00
00
ENDCHAR
STARTCHAR char10409
ENCODING 10409
SWIDTH 500 0
DWIDTH 8 0
BBX 8 16 0 -4
BITMAP
00
00
6C
6C
00
00
00
00
0C
0C
00
0C
0C
00
00
00
ENDCHAR
STARTCHAR char10410
ENCODING 10410
SWIDTH 500 0
DWIDTH 8 0
BBX 8 16 0 -4
BITMAP
00
00
0C
0C
00
60
60
00
0C
0C
00
0C
0C
00
00
00
ENDCHAR
STARTCHAR char10411
ENCODING 10411
SWIDTH 500 0
DWIDTH 8 0
BBX 8 16 0 -4
BITMAP
00
00
6C
6C
00
60
60
00
0C
0C
00
0C
0C
00
00
00
ENDCHAR
STARTCHAR char10412
ENCODING 10412
SWIDTH 500 0
DWIDTH 8 0
BBX 8 16 0 -4
BITMAP
00
00
0C
0C
00
00
00
00
6C
6C
00
0C
0C
00
00
00
ENDCHAR
STARTCHAR char10413
ENCODING 10413
SWIDTH 500 0
DWIDTH 8 0
BBX 8 16 0 -4
BITMAP
00
00
6C
6C
00
00
00
00
6C
6C
00
0C
0C
00
00
00
ENDCHAR
STARTCHAR char10414
ENCODING 10414
SWIDTH 500 0
DWIDTH 8 0
BBX 8 16 0 -4
BITMAP
00
00
0C
0C
00
60
60
00
6C
6C
00
0C
0C
00
00
00
ENDCHAR
STARTCHAR char10415
ENCODING 10415
SWIDTH 500 0
DWIDTH 8 0
BBX 8 16 0 -4
BITMAP
00
00
6C
6C
00
60
60
00
6C
6C
00
0C
0C
00
00
00
ENDCHAR
STARTCHAR char10416
ENCODING 10416
SWIDTH 500 0
DWIDTH 8 0
BBX 8 16 0 -4
BITMAP
00
00
00
00
00
0C
0C
00
0C
0C
00
0C
0C
00
00
00
ENDCHAR
STARTCHAR char10417
ENCODING 10417
SWIDTH 500 0
DWIDTH 8 0
BBX 8 16 0 -4
BITMAP
00
00
60
60
00
0C
0C
00
0C
0C
00
0C
0C
00
00
00
ENDCHAR
STARTCHAR char10418
ENCODING 10418
SWIDTH 500 0
DWIDTH 8 0
BBX 8 16 0 -4
BITMAP
00
00
00
00
00
6C
6C
00
0C
0C
00
0C
0C
00
00
00
ENDCHAR
STARTCHAR char10419
ENCODING 10419
SWIDTH 500 0
DWIDTH 8 0
BBX 8 16 0 -4
BITMAP
00
00
60
60
00
6C
6C
00
0C
0C
00
0C
0C
00
00
00
ENDCHAR
STARTCHAR char10420
ENCODING 10420
SWIDTH 500 0
DWIDTH 8 0
BBX 8 16 0 -4
BITMAP
00
00
00
00
00
0C
0C
00
6C
6C
00
0C
0C
00
00
00
ENDCHAR
STARTCHAR char10421
ENCODING 10421
SWIDTH 500 0
DWIDTH 8 0
BBX 8 16 0 -4
BITMAP
00
00
60
60
00
0C
0C
00
6C
6C
00
0C
0C
00
00
00
ENDCHAR
STARTCHAR char10422
ENCODING 10422
SWIDTH 500 0
DWIDTH 8 0
BBX 8 16 0 -4
BITMAP
00
00
00
00
00
6C
6C
00
6C
6C
00
0C
0C
00
00
00
ENDCHAR
STARTCHAR char10423
ENCODING 10423
SWIDTH 500 0
DWIDTH 8 0
BBX 8 16 0 -4
BITMAP
00
00
60
60
00
6C
6C
00
6C
6C
00
0C
0C
00
00
00
ENDCHAR
STARTCHAR char10424
ENCODING 10424
SWIDTH 500 0
DWIDTH 8 0
BBX 8 16 0 -4
BITMAP
00
00
0C
0C
00
0C
0C
00
0C
0C
00
0C
0C
00
00
00
ENDCHAR
STARTCHAR char10425
ENCODING 10425
SWIDTH 500 0
DWIDTH 8 0
BBX 8 16 0 -4
BITMAP
00
00
6C
6C
00
0C
0C
00
0C
0C
00
0C
0C
00
00
00
ENDCHAR
STARTCHAR char10426
ENCODING 10426
SWIDTH 500 0
DWIDTH 8 0
BBX 8 16 0 -4
BITMAP
00
00
0C
0C
00
6C
6C
00
0C
0C
00
0C
0C
00
00
00
ENDCHAR
STARTCHAR char10427
ENCODING 10427
SWIDTH 500 0
DWIDTH 8 0
BBX 8 16 0 -4
BITMAP
00
00
6C
6C
00
6C
6C
00
0C
0C
00
0C
0C
00
00
00
ENDCHAR
STARTCHAR char10428
ENCODING 10428
SWIDTH 500 0
DWIDTH 8 0
BBX 8 16 0 -4
BITMAP
00
00
0C
0C
00
0C
0C
00
6C
6C
00
0C
0C
00
00
00
ENDCHAR
STARTCHAR char10429
ENCODING 10429
SWIDTH 500 0
DWIDTH 8 0
BBX 8 16 0 -4
BITMAP
00
00
6C
6C
00
0C
0C
00
6C
6C
00
0C
0C
00
00
00
ENDCHAR
STARTCHAR char10430
ENCODING 10430
SWIDTH 500 0
DWIDTH 8 0
BBX 8 16 0 -4
BITMAP
00
00
0C
0C
00
6C
6C
00
6C
6C
00
0C
0C
00
00
00
ENDCHAR
STARTCHAR char10431
ENCODING 10431
SWIDTH 500 0
DWIDTH 8 0
BBX 8 16 0 -4
BITMAP
00
00
6C
6C
00
6C
6C
00
6C
6C
00
0C
0C
00
00
00
ENDCHAR
STARTCHAR char10432
ENCODING 10432
SWIDTH 500 0
DWIDTH 8 0
BBX 8 16 0 -4
BITMAP
00
00
00
00
00
00
00
00
00
00
00
6C
6C
00
00
00
ENDCHAR
STARTCHAR char10433
ENCODING 10433
SWIDTH 500 0
DWIDTH 8 0
BBX 8 16 0 -4
BITMAP
00
00
60
60
00
00
00
00
00
00
00
6C
6C
00
00
00
ENDCHAR
STARTCHAR char10434
ENCODING 10434
SWIDTH 500 0
DWIDTH 8 0
BBX 8 16 0 -4
BITMAP
00
00
00
00
00
60
60
00
00
00
00
6C
6C
00
00
00
ENDCHAR
STARTCHAR char10435
ENCODING 10435
SWIDTH 500 0
DWIDTH 8 0
BBX 8 16 0 -4
BITMAP
00
00
60
60
00
60
60
00
00
00
00
6C
6C
00
00
00
ENDCHAR
STARTCHAR char10436
ENCODING 10436
SWIDTH 500 0
DWIDTH 8 0
BBX 8 16 0 -4
BITMAP
00
00
00
00
00
00
00
00
60
60
00
6C
6C
00
00
00
ENDCHAR
STARTCHAR char10437
ENCODING 10437
SWIDTH 500 0
DWIDTH 8 0
BBX 8 16 0 -4
BITMAP
00
00
60
60
00
00
00
00
60
60
00
6C
6C
00
00
00
ENDCHAR
STARTCHAR char10438
ENCODING 10438
SWIDTH 500 0
DWIDTH 8 0
BBX 8 16 0 -4
BITMAP
00
00
00
00
00
60
60
00
60
60
00
6C
6C
00
00
00
ENDCHAR
STARTCHAR char10439
ENCODING 10439
SWIDTH 500 0
DWIDTH 8 0
BBX 8 16 0 -4
BITMAP
00
00
60
60
00
60
60
00
60
60
00
6C
6C
00
00
00
ENDCHAR
STARTCHAR char10440
ENCODING 10440
SWIDTH 500 0
DWIDTH 8 0
BBX 8 16 0 -4
BITMAP
00
00
0C
0C
00
00
00
00
00
00
00
6C
6C
00
00
00
ENDCHAR
STARTCHAR char10441
ENCODING 10441
SWIDTH 500 0
DWIDTH 8 0
BBX 8 16 0 -4
BITMAP
00
00
6C
6C
00
00
00
00
00
00
00
6C
6C
00
00
00
ENDCHAR
STARTCHAR char10442
ENCODING 10442
SWIDTH 500 0
DWIDTH 8 0
BBX 8 16 0 -4
BITMAP
00
00
0C
0C
00
60
60
00
00
00
00
6C
6C
00
00
00
ENDCHAR
STARTCHAR char10443
ENCODING 10443
SWIDTH 500 0
DWIDTH 8 0
BBX 8 16 0 -4
BITMAP
00
00
6C
6C
00
60
60
00
00
00
00
6C
6C
00
00
00
ENDCHAR
STARTCHAR char10444
ENCODING 10444
SWIDTH 500 0
DWIDTH 8 0
BBX 8 16 0 -4
BITMAP
00
00
0C
0C
00
00
00
00
60
60
00
6C
6C
00
00
00
ENDCHAR
STARTCHAR char10445
ENCODING 10445
SWIDTH 500 0
DWIDTH 8 0
BBX 8 16 0 -4
BITMAP
00
00
6C
6C
00
00
00
00
60
60
00
6C
6C
00
00
00
ENDCHAR
STARTCHAR char10446
ENCODING 10446
SWIDTH 500 0
DWIDTH 8 0
BBX 8 16 0 -4
BITMAP
00
00
0C
0C
00
60
60
00
60
60
00
6C
6C
00
00
00
ENDCHAR
STARTCHAR char10447
ENCODING 10447
SWIDTH 500 0
DWIDTH 8 0
BBX 8 16 0 -4
BITMAP
00
00
6C
6C
00
60
60
00
60
60
00
6C
6C
00
00
00
ENDCHAR
STARTCHAR char10448
ENCODING 10448
SWIDTH 500 0
DWIDTH 8 0
BBX 8 16 0 -4
BITMAP
00
00
00
00
00
0C
0C
00
00
00
00
6C
6C
00
00
00
ENDCHAR
STARTCHAR char10449
ENCODING 10449
SWIDTH 500 0
DWIDTH 8 0
BBX 8 16 0 -4
BITMAP
00
00
60
60
00
0C
0C
00
00
00
00
6C
6C
00
00
00
ENDCHAR
STARTCHAR char10450
ENCODING 10450
SWIDTH 500 0
DWIDTH 8 0
BBX 8 16 0 -4
BITMAP
00
00
00
00
00
6C
6C
00
00
00
00
6C
6C
00
00
00
ENDCHAR
STARTCHAR char10451
ENCODING 10451
SWIDTH 500 0
DWIDTH 8 0
BBX 8 16 0 -4
BITMAP
00
00
60
60
00
6C
6C
00
00
00
00
6C
6C
00
00
00
ENDCHAR
STARTCHAR char10452
ENCODING 10452
SWIDTH 500 0
DWIDTH 8 0
BBX 8 16 0 -4
BITMAP
00
00
00
00
00
0C
0C
00
60
60
00
6C
6C
00
00
00
ENDCHAR
STARTCHAR char10453
ENCODING 10453
SWIDTH 500 0
DWIDTH 8 0
BBX 8 16 0 -4
BITMAP
00
00
60
60
00
0C
0C
00
60
60
00
6C
6C
00
00
00
ENDCHAR
STARTCHAR char10454
ENCODING 10454
SWIDTH 500 0
DWIDTH 8 0
BBX 8 16 0 -4
BITMAP
00
00
00
00
00
6C
6C
00
60
60
00
6C
6C
00
00
00
ENDCHAR
STARTCHAR char10455
ENCODING 10455
SWIDTH 500 0
DWIDTH 8 0
BBX 8 16 0 -4
BITMAP
00
00
60
60
00
6C
6C
00
60
60
00
6C
6C
00
00
00
ENDCHAR
STARTCHAR char10456
ENCODING 10456
SWIDTH 500 0
DWIDTH 8 0
BBX 8 16 0 -4
BITMAP
00
00
0C
0C
00
0C
0C
00
00
00
00
6C
6C
00
00
00
ENDCHAR
STARTCHAR char10457
ENCODING 10457
SWIDTH 500 0
DWIDTH 8 0
BBX 8 16 0 -4
BITMAP
00
00
6C
6C
00
0C
0C
00
00
00
00
6C
6C
00
00
00
ENDCHAR
STARTCHAR char10458
ENCODING 10458
SWIDTH 500 0
DWIDTH 8 0
BBX 8 16 0 -4
BITMAP
00
00
0C
0C
00
6C
6C
00
00
00
00
6C
6C
00
00
00
ENDCHAR
STARTCHAR char10459
ENCODING 10459
SWIDTH 500 0
DWIDTH 8 0
BBX 8 16 0 -4
BITMAP
00
00
6C
6C
00
6C
6C
00
00
00
00
6C
6C
00
00
00
ENDCHAR
STARTCHAR char10460
ENCODING 10460
SWIDTH 500 0
DWIDTH 8 0
BBX 8 16 0 -4
BITMAP
00
00
0C
0C
00
0C
0C
00
60
60
00
6C
6C
00
00
00
ENDCHAR
STARTCHAR char10461
ENCODING 10461
SWIDTH 500 0
DWIDTH 8 0
BBX 8 16 0 -4
BITMAP
00
00
6C
6C
00
0C
0C
00
60
60
00
6C
6C
00
00
00
ENDCHAR
STARTCHAR char10462
ENCODING 10462
SWIDTH 500 0
DWIDTH 8 0
BBX 8 16 0 -4
BITMAP
00
00
0C
0C
00
6C
6C
00
60
60
00
6C
6C
00
00
00
ENDCHAR
STARTCHAR char10463
ENCODING 10463
SWIDTH 500 0
DWIDTH 8 0
BBX 8 16 0 -4
BITMAP
00
00
6C
6C
00
6C
6C
00
60
60
00
6C
6C
00
00
00
ENDCHAR
STARTCHAR char10464
ENCODING 10464
SWIDTH 500 0
DWIDTH 8 0
BBX 8 16 0 -4
BITMAP
00
00
00
00
00
00
00
00
0C
0C
00
6C
6C
00
00
00
ENDCHAR
STARTCHAR char10465
ENCODING 10465
SWIDTH 500 0
DWIDTH 8 0
BBX 8 16 0 -4
BITMAP
00
00
60
60
00
00
00
00
0C
0C
00
6C
6C
00
00
00
ENDCHAR
STARTCHAR char10466
ENCODING 10466
SWIDTH 500 0
DWIDTH 8 0
BBX 8 16 0 -4
BITMAP
00
00
00
00
00
60
60
00
0C
0C
00
6C
6C
00
00
00
ENDCHAR
STARTCHAR char10467
ENCODING 10467
SWIDTH 500 0
DWIDTH 8 0
BBX 8 16 0 -4
BITMAP
00
00
60
60
00
60
60
00
0C
0C
00
6C
6C
00
00
00
ENDCHAR
STARTCHAR char10468
ENCODING 10468
SWIDTH 500 0
DWIDTH 8 0
BBX 8 16 0 -4
BITMAP
00
00
00
00
00
00
00
00
6C
6C
00
6C
6C
00
00
00
ENDCHAR
STARTCHAR char10469
ENCODING 10469
SWIDTH 500 0
DWIDTH 8 0
BBX 8 16 0 -4
BITMAP
00
00
60
60
00
00
00
00
6C
6C
00
6C
6C
00
00
00
ENDCHAR
STARTCHAR char10470
ENCODING 10470
SWIDTH 500 0
DWIDTH 8 0
BBX 8 16 0 -4
BITMAP
00
00
00
00
00
60
60
00
6C
6C
00
6C
6C
00
00
00
ENDCHAR
STARTCHAR char10471
ENCODING 10471
SWIDTH 500 0
DWIDTH 8 0
BBX 8 16 0 -4
BITMAP
00
00
60
60
00
60
60
00
6C
6C
00
6C
6C
00
00
00
ENDCHAR
STARTCHAR char10472
ENCODING 10472
SWIDTH 500 0
DWIDTH 8 0
BBX 8 16 0 -4
BITMAP
00
00
0C
0C
00
00
00
00
0C
0C
00
6C
6C
00
00
00
ENDCHAR
STARTCHAR char10473
ENCODING 10473
SWIDTH 500 0
DWIDTH 8 0
BBX 8 16 0 -4
BITMAP
00
00
6C
6C
00
00
00
00
0C
0C
00
6C
6C
00
00
00
ENDCHAR
STARTCHAR char10474
ENCODING 10474
SWIDTH 500 0
DWIDTH 8 0
BBX 8 16 0 -4
BITMAP
00
00
0C
0C
00
60
60
00
0C
0C
00
6C
6C
00
00
00
ENDCHAR
STARTCHAR char10475
ENCODING 10475
SWIDTH 500 0
DWIDTH 8 0
BBX 8 16 0 -4
BITMAP
00
00
6C
6C
00
60
60
00
0C
0C
00
6C
6C
00
00
00
ENDCHAR
STARTCHAR char10476
ENCODING 10476
SWIDTH 500 0
DWIDTH 8 0
BBX 8 16 0 -4
BITMAP
00
00
0C
0C
00
00
00
00
6C
6C
00
6C
6C
00
00
00
ENDCHAR
STARTCHAR char10477
ENCODING 10477
SWIDTH 500 0
DWIDTH 8 0
BBX 8 16 0 -4
BITMAP
00
00
6C
6C
00
00
00
00
6C
6C
00
6C
6C
00
00
00
ENDCHAR
STARTCHAR char10478
ENCODING 10478
SWIDTH 500 0
DWIDTH 8 0
BBX 8 16 0 -4
BITMAP
00
00
0C
0C
00
60
60
00
6C
6C
00
6C
6C
00
00
00
ENDCHAR
STARTCHAR char10479
ENCODING 10479
SWIDTH 500 0
DWIDTH 8 0
BBX 8 16 0 -4
BITMAP
00
00
6C
6C
00
60
60
00
6C
6C
00
6C
6C
00
00
00
ENDCHAR
STARTCHAR char10480
ENCODING 10480
SWIDTH 500 0
DWIDTH 8 0
BBX 8 16 0 -4
BITMAP
00
00
00
00
00
0C
0C
00
0C
0C
00
6C
6C
00
00
00
ENDCHAR
STARTCHAR char10481
ENCODING 10481
SWIDTH 500 0
DWIDTH 8 0
BBX 8 16 0 -4
BITMAP
00
00
60
60
00
0C
0C
00
0C
0C
00
6C
6C
00
00
00
ENDCHAR
STARTCHAR char10482
ENCODING 10482
SWIDTH 500 0
DWIDTH 8 0
BBX 8 16 0 -4
BITMAP
00
00
00
00
00
6C
6C
00
0C
0C
00
6C
6C
00
00
00
ENDCHAR
STARTCHAR char10483
ENCODING 10483
SWIDTH 500 0
DWIDTH 8 0
BBX 8 16 0 -4
BITMAP
00
00
60
60
00
6C
6C
00
0C
0C
00
6C
6C
00
00
00
ENDCHAR
STARTCHAR char10484
ENCODING 10484
SWIDTH 500 0
DWIDTH 8 0
BBX 8 16 0 -4
BITMAP
00
00
00
00
00
0C
0C
00
6C
6C
00
6C
6C
00
00
00
ENDCHAR
STARTCHAR char10485
ENCODING 10485
SWIDTH 500 0
DWIDTH 8 0
BBX 8 16 0 -4
BITMAP
00
00
60
60
00
0C
0C
00
6C
6C
00
6C
6C
00
00
00
ENDCHAR
STARTCHAR char10486
ENCODING 10486
SWIDTH 500 0
DWIDTH 8 0
BBX 8 16 0 -4
BITMAP
00
00
00
00
00
6C
6C
00
6C
6C
00
6C
6C
00
00
00
ENDCHAR
STARTCHAR char10487
ENCODING 10487
SWIDTH 500 0
DWIDTH 8 0
BBX 8 16 0 -4
BITMAP
00
00
60
60
00
6C
6C
00
6C
6C
00
6C
6C
00
00
00
ENDCHAR
STARTCHAR char10488
ENCODING 10488
SWIDTH 500 0
DWIDTH 8 0
BBX 8 16 0 -4
BITMAP
00
00
0C
0C
00
0C
0C
00
0C
0C
00
6C
6C
00
00
00
ENDCHAR
STARTCHAR char10489
ENCODING 10489
SWIDTH 500 0
DWIDTH 8 0
BBX 8 16 0 -4
BITMAP
00
00
6C
6C
00
0C
0C
00
0C
0C
00
6C
6C
00
00
00
ENDCHAR
STARTCHAR char10490
ENCODING 10490
SWIDTH 500 0
DWIDTH 8 0
BBX 8 16 0 -4
BITMAP
00
00
0C
0C
00
6C
6C
00
0C
0C
00
6C
6C
00
00
00
ENDCHAR
STARTCHAR char10491
ENCODING 10491
SWIDTH 500 0
DWIDTH 8 0
BBX 8 16 0 -4
BITMAP
00
00
6C
6C
00
6C
6C
00
0C
0C
00
6C
6C
00
00
00
ENDCHAR
STARTCHAR char10492
ENCODING 10492
SWIDTH 500 0
DWIDTH 8 0
BBX 8 16 0 -4
BITMAP
00
00
0C
0C
00
0C
0C
00
6C
6C
00
6C
6C
00
00
00
ENDCHAR
STARTCHAR char10493
ENCODING 10493
SWIDTH 500 0
DWIDTH 8 0
BBX 8 16 0 -4
BITMAP
00
00
6C
6C
00
0C
0C
00
6C
6C
00
6C
6C
00
00
00
ENDCHAR
STARTCHAR char10494
ENCODING 10494
SWIDTH 500 0
DWIDTH 8 0
BBX 8 16 0 -4
BITMAP
00
00
0C
0C
00
6C
6C
00
6C
6C
00
6C
6C
00
00
00
ENDCHAR
STARTCHAR char10495
ENCODING 10495
SWIDTH 500 0
DWIDTH 8 0
BBX 8 16 0 -4
BITMAP
00
00
6C
6C
00
6C
6C
00
6C
6C
00
6C
6C
00
00
00
ENDCHAR
STARTCHAR uni2E2C
ENCODING 11820
SWIDTH 500 0
DWIDTH 8 0
BBX 8 16 0 -4
BITMAP
00
00
00
00
00
42
42
00
00
00
42
42
00
00
00
00
ENDCHAR
STARTCHAR Uni3044
ENCODING 12356
SWIDTH 500 0
DWIDTH 8 0
BBX 8 16 0 -4
BITMAP
00
00
20
24
44
42
42
42
42
40
48
30
00
00
00
00
ENDCHAR
STARTCHAR Uni3046
ENCODING 12358
SWIDTH 500 0
DWIDTH 8 0
BBX 8 16 0 -4
BITMAP
00
20
1C
00
00
3C
42
02
02
02
0C
30
00
00
00
00
ENDCHAR
STARTCHAR Uni304B
ENCODING 12363
SWIDTH 500 0
DWIDTH 8 0
BBX 8 16 0 -4
BITMAP
00
00
20
22
21
39
E5
24
44
44
84
98
00
00
00
00
ENDCHAR
STARTCHAR Uni3057
ENCODING 12375
SWIDTH 500 0
DWIDTH 8 0
BBX 8 16 0 -4
BITMAP
00
00
E8
24
46
85
84
84
84
84
48
30
00
00
00
00
ENDCHAR
STARTCHAR Uni306E
ENCODING 12398
SWIDTH 500 0
DWIDTH 8 0
BBX 8 16 0 -4
BITMAP
00
3C
4A
89
89
89
91
91
91
A1
42
0C
00
00
00
00
ENDCHAR
STARTCHAR Uni3093
ENCODING 12435
SWIDTH 500 0
DWIDTH 8 0
BBX 8 16 0 -4
BITMAP
00
00
40
40
40
40
58
69
49
89
8A
8C
00
00
00
00
ENDCHAR
STARTCHAR char57504
ENCODING 57504
SWIDTH 500 0
DWIDTH 8 0
BBX 8 16 0 -4
BITMAP
00
00
44
4E
44
44
44
44
44
08
10
20
40
00
00
00
ENDCHAR
STARTCHAR char57505
ENCODING 57505
SWIDTH 500 0
DWIDTH 8 0
BBX 8 16 0 -4
BITMAP
00
40
40
40
40
40
78
00
12
12
1A
16
12
12
00
00
ENDCHAR
STARTCHAR char57506
ENCODING 57506
SWIDTH 500 0
DWIDTH 8 0
BBX 8 16 0 -4
BITMAP
00
00
3C
24
24
24
7E
7E
7E
66
7E
7E
7E
00
00
00
ENDCHAR
STARTCHAR char57507
ENCODING 57507
SWIDTH 500 0
DWIDTH 8 0
BBX 8 16 0 -4
BITMAP
00
70
40
40
40
40
70
00
12
12
1A
16
12
12
00
00
ENDCHAR
STARTCHAR char57520
ENCODING 57520
SWIDTH 500 0
DWIDTH 8 0
BBX 8 16 0 -4
BITMAP
80
C0
E0
F0
F8
FC
FE
FF
FF
FE
FC
F8
F0
E0
C0
80
ENDCHAR
STARTCHAR char57521
ENCODING 57521
SWIDTH 500 0
DWIDTH 8 0
BBX 8 16 0 -4
BITMAP
80
40
20
10
08
04
02
01
01
02
04
08
10
20
40
80
ENDCHAR
STARTCHAR char57522
ENCODING 57522
SWIDTH 500 0
DWIDTH 8 0
BBX 8 16 0 -4
BITMAP
01
03
07
0F
1F
3F
7F
FF
FF
7F
3F
1F
0F
07
03
01
ENDCHAR
STARTCHAR char57523
ENCODING 57523
SWIDTH 500 0
DWIDTH 8 0
BBX 8 16 0 -4
BITMAP
01
02
04
08
10
20
40
80
80
40
20
10
08
04
02
01
ENDCHAR
STARTCHAR dotlessj
ENCODING 63166
SWIDTH 500 0
DWIDTH 8 0
BBX 8 16 0 -4
BITMAP
00
00
00
00
00
0C
04
04
04
04
04
04
04
04
38
00
ENDCHAR
STARTCHAR uniFFFD
ENCODING 65533
SWIDTH 500 0
DWIDTH 8 0
BBX 8 16 0 -4
BITMAP
00
00
00
7C
C6
BA
F6
EE
EE
FE
EE
7C
00
00
00
00
ENDCHAR
ENDFONT
